experience_years,education_level,employment_type,job_title,remote_ratio,company_size,salary_in_inr
13,Bachelor's,FT,Data Scientist,100,S,1297000
17,Bachelor's,FT,BI Analyst,100,M,1191000
2,Bachelor's,FT,Data Scientist,100,S,714000
6,Bachelor's,CT,Research Scientist,100,L,1349000
2,High School,FT,ML Ops Engineer,100,M,651000
1,Bachelor's,FT,BI Analyst,50,S,398000
1,Bachelor's,FT,BI Analyst,100,M,556000
6,Bachelor's,FT,ML Ops Engineer,0,S,1085000
0,Master's,FT,Data Engineer,50,M,683000
0,Master's,FT,ML Ops Engineer,100,M,784000
9,Master's,FT,BI Analyst,0,M,1129000
11,Bachelor's,FT,Data Scientist,0,M,1513000
11,Master's,FT,Analytics Engineer,0,L,1727000
0,Master's,FT,Analytics Engineer,50,S,578000
10,Bachelor's,FT,Data Engineer,0,M,1178000
2,PhD,PT,Machine Learning Engineer,0,M,838000
10,Master's,FT,ML Ops Engineer,100,S,1694000
1,Bachelor's,FT,Data Engineer,100,S,654000
8,Bachelor's,FT,Data Analyst,0,M,989000
0,Bachelor's,FT,Research Scientist,0,S,481000
4,Master's,FT,Analytics Engineer,0,M,934000
3,Master's,FT,Machine Learning Engineer,50,M,1344000
2,Bachelor's,FT,Statistician,0,M,691000
8,Master's,FT,Machine Learning Engineer,0,M,1681000
2,Master's,FT,Statistician,100,S,623000
1,Master's,FT,ML Ops Engineer,100,L,964000
1,Bachelor's,FT,Statistician,0,L,658000
6,PhD,FT,Data Engineer,100,M,1661000
5,Bachelor's,FT,Machine Learning Engineer,0,M,1533000
4,PhD,FT,BI Analyst,100,S,867000
0,Master's,FT,Data Scientist,100,M,669000
5,Bachelor's,FT,Data Analyst,0,M,893000
0,Bachelor's,FT,ML Ops Engineer,100,S,615000
9,Bachelor's,FT,Research Scientist,0,L,1665000
4,Master's,CT,Research Scientist,0,L,1450000
7,Bachelor's,FT,Data Engineer,100,M,1609000
7,Master's,FT,BI Analyst,0,S,828000
3,Bachelor's,FT,ML Ops Engineer,100,M,1314000
5,Bachelor's,FT,Data Analyst,50,L,1184000
5,Master's,FT,BI Analyst,0,S,774000
0,Master's,FT,Statistician,0,L,641000
1,Bachelor's,FT,Data Analyst,0,S,427000
8,Master's,FT,Data Architect,100,M,1747000
0,Bachelor's,FT,Machine Learning Engineer,50,M,712000
0,Bachelor's,FT,Data Architect,0,L,870000
1,Master's,PT,Data Analyst,100,L,427000
9,Master's,FT,Data Architect,100,M,1373000
1,Master's,FT,Research Scientist,50,S,833000
0,Bachelor's,FT,ML Ops Engineer,100,M,625000
6,Master's,FT,Machine Learning Engineer,50,M,1945000
11,Master's,FT,ML Ops Engineer,100,M,1597000
1,Master's,FT,BI Analyst,0,M,755000
0,PhD,FT,Statistician,50,L,819000
3,PhD,FT,Statistician,0,M,1105000
1,Master's,FT,BI Analyst,100,L,876000
8,PhD,FT,Research Scientist,0,S,1741000
1,Master's,FT,ML Ops Engineer,100,L,1117000
2,Bachelor's,FT,Machine Learning Engineer,100,S,746000
3,Master's,FT,Statistician,50,L,1062000
6,Master's,CT,Statistician,100,S,899000
1,Master's,FT,Research Scientist,100,M,834000
15,Bachelor's,FT,Data Scientist,100,L,1482000
2,Master's,FT,BI Analyst,100,M,808000
5,High School,FT,Statistician,100,S,672000
21,Master's,FT,Data Scientist,100,S,1392000
1,Master's,FT,Data Scientist,100,L,1011000
12,Master's,FT,Analytics Engineer,50,S,1572000
11,Master's,FT,Data Engineer,0,M,1653000
1,PhD,FT,Research Scientist,0,M,1073000
3,Bachelor's,FT,Data Scientist,100,S,743000
4,Master's,FT,Analytics Engineer,0,L,1073000
1,Master's,CT,Data Analyst,50,S,501000
1,Bachelor's,FT,Statistician,0,M,630000
12,Bachelor's,FT,Data Engineer,50,M,1284000
0,Bachelor's,FT,Data Analyst,50,M,414000
8,Master's,FT,Data Engineer,50,L,1544000
3,Bachelor's,FT,Data Architect,100,L,1341000
3,Master's,FT,ML Ops Engineer,50,L,1454000
0,Master's,FT,Data Scientist,0,M,758000
3,High School,FT,Data Engineer,0,L,921000
12,Bachelor's,FT,Research Scientist,100,L,1806000
10,Master's,FT,Statistician,0,M,1507000
1,Bachelor's,FT,Analytics Engineer,50,L,684000
1,Bachelor's,FT,Data Architect,100,S,789000
8,Bachelor's,FT,Data Engineer,0,S,1218000
1,Master's,FT,Statistician,0,S,547000
4,Master's,FT,ML Ops Engineer,0,S,1203000
3,Master's,FT,ML Ops Engineer,100,L,1395000
19,Master's,FT,Machine Learning Engineer,50,M,1954000
4,Master's,FT,Machine Learning Engineer,0,S,1312000
0,Master's,FT,Analytics Engineer,0,M,669000
9,Master's,FL,Machine Learning Engineer,50,M,1245000
5,Master's,CT,BI Analyst,0,L,1223000
3,Master's,FT,ML Ops Engineer,100,L,1451000
8,Master's,FT,Data Scientist,100,S,1231000
15,Bachelor's,CT,Data Analyst,100,M,1227000
13,Master's,PT,Analytics Engineer,0,S,816000
0,Master's,FT,Data Architect,100,L,846000
5,High School,FT,Data Analyst,0,L,738000
5,High School,FT,BI Analyst,100,L,628000
7,Bachelor's,FT,Statistician,0,M,1008000
7,Bachelor's,FT,Data Engineer,100,M,1424000
5,Bachelor's,FT,Data Analyst,50,M,836000
3,Bachelor's,FT,Statistician,0,M,845000
0,Bachelor's,FT,Data Architect,100,M,735000
7,Bachelor's,FT,Machine Learning Engineer,0,M,1533000
7,Master's,FT,BI Analyst,0,M,1174000
0,Master's,FT,BI Analyst,100,M,511000
0,Bachelor's,FL,Research Scientist,100,L,519000
3,Master's,FT,BI Analyst,100,M,863000
8,High School,CT,ML Ops Engineer,0,S,706000
1,Bachelor's,FT,Data Analyst,0,S,454000
0,Master's,FT,Statistician,0,M,583000
0,Master's,FT,Machine Learning Engineer,50,M,652000
4,Master's,FT,Research Scientist,0,M,1117000
3,Bachelor's,FT,Data Engineer,0,L,960000
3,Bachelor's,FT,Machine Learning Engineer,0,L,1378000
0,Bachelor's,FT,Data Analyst,50,M,382000
27,High School,FT,Research Scientist,100,S,1097000
3,Master's,FT,BI Analyst,100,M,945000
11,Bachelor's,FT,Data Analyst,0,M,1159000
1,High School,FT,BI Analyst,0,S,283000
13,Master's,FT,Data Analyst,0,M,1343000
5,Bachelor's,FT,Data Architect,0,L,1533000
10,Bachelor's,FT,Data Scientist,100,M,1376000
0,Master's,FT,Data Architect,100,M,856000
5,Bachelor's,FT,Data Architect,50,M,1388000
6,Master's,FT,Data Engineer,100,L,1629000
9,High School,FT,Machine Learning Engineer,0,M,1221000
3,Master's,FT,Research Scientist,0,L,1674000
28,Master's,FT,Machine Learning Engineer,100,M,2384000
6,Master's,FT,Analytics Engineer,50,L,1279000
11,Master's,FT,Research Scientist,100,M,1863000
10,Bachelor's,FT,Data Scientist,0,L,1633000
11,Master's,FT,Data Scientist,50,L,2082000
0,Bachelor's,FT,BI Analyst,100,S,288000
1,Bachelor's,FT,Research Scientist,0,M,677000
2,Bachelor's,FT,Data Architect,50,S,929000
28,Bachelor's,FT,Data Engineer,100,M,1765000
1,PhD,FL,Data Engineer,0,L,832000
3,Master's,FT,Data Architect,50,M,1266000
4,Bachelor's,FT,Data Architect,100,M,1361000
4,Bachelor's,FT,Data Scientist,100,M,1297000
11,Bachelor's,FT,ML Ops Engineer,0,L,1844000
0,Bachelor's,FT,Data Analyst,0,L,538000
4,Bachelor's,FT,Data Architect,100,L,1379000
3,Bachelor's,FT,Machine Learning Engineer,0,M,1097000
10,Bachelor's,FT,Research Scientist,0,M,1730000
1,Master's,FT,Statistician,0,M,684000
0,PhD,FT,BI Analyst,50,M,604000
5,Bachelor's,FT,Statistician,100,L,1104000
7,Bachelor's,PT,Machine Learning Engineer,100,M,817000
23,Bachelor's,FT,ML Ops Engineer,100,S,1588000
15,Bachelor's,FT,Data Analyst,100,M,981000
4,Bachelor's,FT,Statistician,0,S,765000
2,PhD,FT,Data Architect,0,M,1614000
3,Master's,FT,Data Architect,50,M,1352000
7,Master's,FT,Research Scientist,0,M,1642000
4,Master's,FT,ML Ops Engineer,0,S,1301000
6,Master's,FT,BI Analyst,0,M,980000
2,Bachelor's,FT,Statistician,50,M,520000
3,Master's,FT,Statistician,0,M,1064000
6,Master's,FT,Research Scientist,100,L,1724000
16,Master's,FT,Analytics Engineer,50,M,1719000
7,Bachelor's,PT,Statistician,100,L,578000
3,Master's,FT,Statistician,0,M,948000
4,Bachelor's,FT,Machine Learning Engineer,100,M,1406000
4,High School,FT,Analytics Engineer,100,L,846000
5,Bachelor's,FT,Analytics Engineer,0,S,1020000
4,PhD,FL,Statistician,0,S,731000
4,Master's,FT,Analytics Engineer,0,L,1261000
2,Bachelor's,FT,Data Analyst,100,M,738000
0,Master's,CT,Machine Learning Engineer,0,M,783000
1,Bachelor's,FT,Machine Learning Engineer,100,L,1152000
5,Master's,FT,Data Analyst,0,L,1135000
0,Bachelor's,FT,Analytics Engineer,0,S,468000
1,Master's,FT,Machine Learning Engineer,0,L,1108000
27,Master's,FT,BI Analyst,0,L,1618000
7,Bachelor's,FT,Data Engineer,50,L,1048000
1,Bachelor's,FT,Research Scientist,0,S,655000
1,Master's,FT,BI Analyst,100,S,588000
3,Master's,CT,Statistician,0,L,826000
15,Bachelor's,FT,Data Scientist,100,M,1887000
0,High School,FT,Research Scientist,0,M,436000
3,Master's,FT,Data Analyst,50,M,690000
9,Master's,FT,Machine Learning Engineer,0,S,1515000
7,Bachelor's,FT,Data Scientist,100,M,1367000
0,Master's,FT,Analytics Engineer,0,M,567000
0,Bachelor's,FT,Data Scientist,0,L,607000
0,Bachelor's,FT,Data Analyst,0,M,430000
7,Bachelor's,FT,Data Scientist,0,M,1411000
5,Master's,FT,Data Analyst,0,L,1195000
5,PhD,FT,Statistician,100,S,945000
23,PhD,FT,Data Architect,50,M,2677000
3,Bachelor's,FT,ML Ops Engineer,0,M,944000
1,Master's,PT,Data Architect,0,L,531000
7,Master's,FT,Data Engineer,0,M,1645000
8,Bachelor's,FT,BI Analyst,0,M,1034000
11,Master's,FT,Research Scientist,50,L,2298000
1,PhD,FT,Data Architect,50,L,1348000
0,Master's,FT,Data Scientist,100,M,532000
7,High School,FT,Data Scientist,100,M,1166000
9,Bachelor's,FT,Analytics Engineer,50,M,1369000
28,Master's,FT,ML Ops Engineer,100,M,1639000
4,Bachelor's,FT,BI Analyst,0,M,500000
3,Bachelor's,FT,Statistician,0,L,969000
2,High School,FT,Research Scientist,0,M,656000
3,Master's,FT,Analytics Engineer,50,M,829000
3,Bachelor's,FT,Data Analyst,0,L,847000
10,Bachelor's,FT,Data Scientist,100,L,1457000
2,High School,FT,Machine Learning Engineer,0,L,768000
2,Master's,FT,Statistician,100,L,1024000
5,Bachelor's,FT,Data Scientist,0,M,1038000
0,PhD,FT,Statistician,0,S,491000
1,Master's,FT,Research Scientist,100,L,911000
3,Master's,FT,Data Architect,100,M,1630000
1,Bachelor's,FT,Data Architect,0,M,1006000
2,Master's,FT,Machine Learning Engineer,100,L,1276000
1,Bachelor's,CT,Data Architect,100,M,674000
2,High School,FT,Data Engineer,0,S,593000
4,Bachelor's,FT,ML Ops Engineer,100,L,1063000
2,Bachelor's,FT,Data Engineer,0,M,959000
2,Master's,FT,Analytics Engineer,100,M,846000
4,Bachelor's,FT,Data Analyst,100,S,598000
0,Bachelor's,FT,Data Scientist,100,M,506000
4,Bachelor's,FT,Research Scientist,0,M,1133000
0,PhD,FT,Analytics Engineer,0,M,788000
2,Master's,FT,Data Architect,100,M,1248000
6,Master's,FT,Statistician,0,M,1308000
2,Master's,FT,Statistician,100,M,866000
1,Master's,FT,Data Engineer,0,M,721000
1,Bachelor's,FT,Data Architect,100,M,937000
6,Bachelor's,FT,ML Ops Engineer,0,S,997000
1,Master's,FT,Analytics Engineer,50,S,694000
16,Master's,FT,Analytics Engineer,0,M,1783000
1,Bachelor's,FT,Data Architect,0,L,1022000
1,Bachelor's,FT,Data Architect,100,M,824000
4,Master's,FT,Machine Learning Engineer,100,L,1632000
18,Master's,FT,ML Ops Engineer,50,S,1821000
2,Master's,FT,Data Scientist,0,L,985000
8,Master's,FL,BI Analyst,0,L,922000
1,Master's,PT,Data Architect,50,M,599000
2,Bachelor's,FT,BI Analyst,100,M,580000
0,Bachelor's,FT,Statistician,100,M,518000
9,Master's,FT,Statistician,0,L,1668000
18,Bachelor's,FT,Data Engineer,0,L,1551000
1,High School,FT,Machine Learning Engineer,0,S,526000
1,Bachelor's,FT,Statistician,0,M,674000
5,Bachelor's,FT,ML Ops Engineer,100,M,1282000
2,Bachelor's,PT,Data Architect,100,M,571000
1,Bachelor's,FT,Data Analyst,0,M,551000
10,Master's,FT,Data Analyst,0,M,1235000
7,Bachelor's,FT,Analytics Engineer,0,M,1240000
5,Master's,FT,Data Architect,100,L,1352000
0,Bachelor's,FT,Research Scientist,100,M,678000
4,PhD,FT,Machine Learning Engineer,100,M,1630000
6,Master's,FT,BI Analyst,0,S,867000
19,Master's,FT,Data Engineer,100,L,2655000
6,Master's,FT,ML Ops Engineer,100,L,1930000
8,PhD,FT,Data Analyst,50,M,1479000
1,Bachelor's,FT,Data Scientist,0,L,657000
5,Bachelor's,FT,Data Engineer,100,M,1225000
6,High School,FT,Statistician,50,M,680000
1,Master's,FT,ML Ops Engineer,100,M,880000
3,Bachelor's,FT,Data Engineer,0,L,1164000
22,Bachelor's,FT,ML Ops Engineer,100,S,1448000
10,Master's,FT,Data Analyst,100,M,1415000
3,Master's,FT,Analytics Engineer,0,M,909000
13,Master's,FT,Data Architect,0,M,1774000
0,PhD,FT,Data Analyst,100,S,487000
7,Master's,FT,Machine Learning Engineer,100,M,1652000
1,Bachelor's,FT,BI Analyst,0,L,575000
4,Master's,FT,Statistician,0,L,1218000
6,Bachelor's,FT,BI Analyst,0,L,921000
2,Master's,FT,Analytics Engineer,0,M,792000
19,Master's,FT,BI Analyst,0,M,1177000
2,Bachelor's,FT,ML Ops Engineer,50,L,1032000
6,Bachelor's,FT,Data Engineer,50,L,1414000
4,Master's,FT,Analytics Engineer,100,M,1265000
4,PhD,FT,Research Scientist,0,S,1060000
0,Bachelor's,FT,Research Scientist,50,S,546000
7,Bachelor's,FT,ML Ops Engineer,100,M,1306000
12,Bachelor's,PT,Statistician,100,L,611000
3,Bachelor's,FT,Research Scientist,50,M,1125000
9,Bachelor's,FT,ML Ops Engineer,0,L,1789000
10,Bachelor's,FT,Data Architect,100,L,1941000
14,Bachelor's,FT,BI Analyst,50,M,1120000
1,Master's,FT,Research Scientist,0,M,1053000
11,Bachelor's,FT,Data Analyst,0,M,1149000
2,Master's,FT,ML Ops Engineer,0,S,826000
0,Master's,FT,Research Scientist,0,M,911000
2,Master's,FT,BI Analyst,100,S,601000
1,Bachelor's,FT,Data Analyst,100,M,433000
3,Bachelor's,FT,ML Ops Engineer,0,M,1180000
2,High School,FT,Research Scientist,100,M,588000
10,Bachelor's,FT,BI Analyst,0,M,978000
4,Bachelor's,FT,Data Scientist,100,L,1349000
1,High School,PT,Data Analyst,0,L,260000
3,Master's,CT,Data Analyst,100,S,745000
26,Bachelor's,FT,Research Scientist,100,S,1419000
7,Master's,FT,ML Ops Engineer,100,M,1423000
0,Bachelor's,FT,Research Scientist,100,M,785000
1,Master's,FT,Data Analyst,100,M,554000
0,Master's,FL,Data Architect,0,S,457000
4,Bachelor's,FT,ML Ops Engineer,0,M,1019000
3,Master's,FT,ML Ops Engineer,100,L,1310000
9,Bachelor's,FT,Data Engineer,0,M,1421000
2,Bachelor's,FT,Data Analyst,0,M,633000
6,Bachelor's,FT,ML Ops Engineer,0,S,1140000
0,Master's,FT,Data Analyst,50,M,496000
5,Bachelor's,FT,ML Ops Engineer,100,L,1450000
9,Master's,FT,Data Analyst,100,L,1315000
3,Bachelor's,FT,Research Scientist,100,M,1071000
12,Master's,FT,Data Analyst,100,M,1429000
1,Bachelor's,CT,Statistician,0,M,583000
9,Bachelor's,CT,Data Engineer,50,M,1034000
6,Bachelor's,FT,Data Architect,100,M,1387000
5,High School,FT,Machine Learning Engineer,100,M,1120000
22,Bachelor's,FT,Analytics Engineer,50,M,1263000
10,Master's,FT,Machine Learning Engineer,0,L,2400000
6,Bachelor's,FT,BI Analyst,100,S,708000
18,Master's,FT,ML Ops Engineer,0,L,2393000
3,Bachelor's,FT,Analytics Engineer,100,S,750000
0,Bachelor's,FT,BI Analyst,0,M,399000
0,Bachelor's,FT,Statistician,0,M,518000
2,Master's,FL,Machine Learning Engineer,50,L,867000
2,Master's,FT,ML Ops Engineer,0,L,1233000
8,Bachelor's,PT,Data Architect,100,S,781000
0,Master's,FT,BI Analyst,100,L,524000
2,Bachelor's,FT,ML Ops Engineer,0,S,782000
4,Bachelor's,FT,Data Analyst,0,L,943000
1,Bachelor's,FT,Data Engineer,0,M,936000
6,Bachelor's,FT,Statistician,100,L,1220000
18,Bachelor's,FT,Data Engineer,100,S,1646000
1,Master's,FT,Machine Learning Engineer,0,M,880000
8,Bachelor's,FT,Research Scientist,100,M,1344000
28,Master's,FT,Data Engineer,100,M,1904000
1,Bachelor's,FL,Machine Learning Engineer,100,M,652000
5,Bachelor's,FT,Research Scientist,0,L,1283000
11,Bachelor's,FT,Statistician,0,L,1457000
0,High School,FT,Data Analyst,0,M,290000
10,Master's,FT,Machine Learning Engineer,0,M,2037000
3,Bachelor's,FT,Research Scientist,0,M,1029000
3,Bachelor's,FT,Data Engineer,100,M,1004000
0,PhD,FT,Data Analyst,0,L,648000
4,PhD,FT,Statistician,50,S,984000
0,Bachelor's,FT,Data Architect,100,M,744000
10,Master's,FT,Data Architect,0,M,2509000
1,Bachelor's,FT,Data Architect,0,M,765000
17,Master's,FT,Machine Learning Engineer,100,M,2018000
2,Bachelor's,FT,BI Analyst,0,M,605000
12,PhD,FT,Data Scientist,50,M,2148000
1,Bachelor's,FT,Data Engineer,100,L,794000
6,Bachelor's,FT,Research Scientist,0,M,1288000
6,Master's,FT,Statistician,0,M,1187000
1,Master's,FT,Data Scientist,0,M,944000
0,Bachelor's,FT,Data Engineer,50,M,485000
0,Bachelor's,FT,Data Architect,100,M,818000
16,Master's,FT,Machine Learning Engineer,100,S,1255000
6,Bachelor's,FT,Data Scientist,50,M,1322000
0,Master's,FT,Data Engineer,100,L,883000
3,Bachelor's,FT,Analytics Engineer,50,M,999000
5,Bachelor's,FT,Data Scientist,100,L,1314000
12,Master's,FT,Data Analyst,0,S,1028000
11,PhD,FT,Machine Learning Engineer,50,S,1847000
5,High School,FT,ML Ops Engineer,0,L,942000
0,Master's,FT,Data Engineer,100,L,725000
3,Master's,FT,ML Ops Engineer,100,M,1456000
3,Bachelor's,FT,Statistician,0,S,640000
0,PhD,FT,Analytics Engineer,100,S,774000
4,Master's,FT,Data Scientist,100,M,1186000
6,Master's,FT,BI Analyst,100,M,843000
1,Bachelor's,FT,Machine Learning Engineer,0,S,741000
10,Master's,FT,Statistician,50,M,1458000
17,Master's,FT,Data Engineer,50,M,1693000
2,Bachelor's,FT,ML Ops Engineer,100,L,949000
6,Bachelor's,FT,Data Architect,50,M,1310000
6,Master's,FT,Data Architect,0,M,1601000
1,Bachelor's,FT,Statistician,0,M,495000
3,Master's,FT,Statistician,100,L,973000
2,Bachelor's,PT,Statistician,50,M,417000
8,Bachelor's,FT,Data Architect,100,M,1780000
2,Bachelor's,CT,BI Analyst,100,M,632000
3,Bachelor's,FT,Statistician,100,M,798000
1,Bachelor's,FT,Machine Learning Engineer,0,M,843000
22,Bachelor's,PT,Data Analyst,100,L,800000
18,Master's,FT,Research Scientist,50,L,2456000
5,High School,FT,Data Scientist,0,M,950000
2,Bachelor's,FT,Data Scientist,0,S,633000
1,Bachelor's,FT,Statistician,0,L,799000
0,Bachelor's,FT,Data Architect,100,M,871000
10,Master's,FT,Data Scientist,0,S,1400000
15,Master's,FT,Analytics Engineer,100,M,1699000
2,Bachelor's,PT,Data Architect,100,S,600000
3,High School,FT,Data Architect,50,S,766000
8,Master's,FT,Machine Learning Engineer,0,S,1360000
2,Bachelor's,CT,Research Scientist,100,M,951000
9,High School,FT,Statistician,0,M,898000
4,Master's,FT,Research Scientist,0,L,1171000
3,Master's,FT,Analytics Engineer,100,L,1421000
1,PhD,FT,Data Analyst,0,M,768000
0,Bachelor's,FT,Analytics Engineer,100,L,681000
1,Bachelor's,FT,Data Engineer,100,S,641000
2,Master's,FT,Data Architect,100,L,1277000
11,Master's,FT,Data Scientist,0,L,1461000
1,Bachelor's,FT,Analytics Engineer,0,M,768000
5,Master's,FT,BI Analyst,50,M,1037000
3,Bachelor's,FT,Data Scientist,50,M,1013000
6,Master's,FT,BI Analyst,0,L,1089000
0,Master's,FT,Data Architect,0,M,853000
12,Bachelor's,FT,Data Engineer,0,L,1972000
0,Bachelor's,FT,Statistician,50,M,485000
3,Master's,FT,Research Scientist,0,M,1285000
3,Bachelor's,FT,Data Architect,100,S,899000
3,PhD,FT,Analytics Engineer,100,M,1072000
3,Bachelor's,FT,Research Scientist,0,L,1152000
12,High School,FT,Data Analyst,0,M,865000
3,Bachelor's,FT,Research Scientist,0,M,1109000
0,Master's,FT,Analytics Engineer,0,M,512000
0,Bachelor's,FT,ML Ops Engineer,0,L,722000
16,Master's,FT,Research Scientist,100,M,1901000
0,Bachelor's,FT,BI Analyst,0,L,483000
4,PhD,FT,Data Engineer,0,L,1627000
8,Master's,FT,ML Ops Engineer,0,M,1848000
2,Master's,FT,Machine Learning Engineer,100,M,1134000
4,Bachelor's,FT,Data Engineer,100,S,781000
9,Master's,FT,Data Architect,100,M,2569000
1,Bachelor's,FT,Machine Learning Engineer,0,S,802000
4,Bachelor's,FT,Data Scientist,100,L,1252000
0,Master's,FT,Data Scientist,0,M,734000
0,Master's,FT,Data Architect,100,L,1106000
4,Master's,FT,Statistician,50,M,1104000
1,Master's,FT,Statistician,0,M,762000
19,Bachelor's,FT,BI Analyst,0,M,1239000
1,Bachelor's,FT,ML Ops Engineer,0,M,732000
3,Master's,PT,Machine Learning Engineer,0,M,769000
7,Bachelor's,FT,Research Scientist,0,M,1537000
4,PhD,FT,Data Analyst,50,M,1062000
5,Bachelor's,FT,Data Analyst,50,M,821000
4,Bachelor's,FT,Data Engineer,50,M,853000
0,PhD,FT,ML Ops Engineer,100,S,920000
5,PhD,FT,Data Analyst,0,L,1133000
2,Bachelor's,PT,Machine Learning Engineer,0,L,605000
16,Bachelor's,PT,Data Analyst,100,M,614000
4,Master's,FT,Machine Learning Engineer,100,M,1503000
8,PhD,FT,Data Analyst,100,S,1022000
17,Master's,FT,Analytics Engineer,50,M,1823000
11,Master's,FT,Machine Learning Engineer,0,M,1710000
1,High School,FL,Data Architect,0,L,553000
0,Bachelor's,FT,Data Engineer,100,L,743000
5,Bachelor's,PT,ML Ops Engineer,0,M,648000
2,Master's,FT,Research Scientist,0,L,1421000
2,Bachelor's,FT,Data Architect,0,M,950000
5,Bachelor's,PT,Data Engineer,100,M,687000
8,Master's,FT,Data Analyst,0,M,1359000
1,Bachelor's,FT,BI Analyst,0,M,445000
22,Master's,FT,Statistician,50,M,1547000
1,PhD,FT,Research Scientist,50,L,833000
6,Bachelor's,FT,BI Analyst,0,S,732000
6,Master's,FT,Research Scientist,0,M,1695000
17,Bachelor's,FT,Analytics Engineer,100,M,1128000
7,Bachelor's,FT,Data Engineer,100,M,1114000
8,Master's,FT,Machine Learning Engineer,100,M,1689000
4,High School,FT,Data Engineer,0,M,737000
11,Bachelor's,FT,Data Engineer,100,M,1397000
1,Master's,FT,Statistician,100,M,619000
1,Master's,FT,Data Architect,50,M,1100000
1,Master's,FT,Data Engineer,0,M,746000
14,Bachelor's,FT,Research Scientist,100,L,1636000
6,Bachelor's,FT,Statistician,0,M,1079000
1,Master's,FT,Data Architect,0,M,954000
1,Master's,FT,ML Ops Engineer,100,L,922000
8,High School,FT,Machine Learning Engineer,0,M,1235000
1,PhD,FT,Machine Learning Engineer,100,M,997000
4,Bachelor's,PT,Data Engineer,100,M,594000
2,Master's,FT,Machine Learning Engineer,0,M,1101000
0,Bachelor's,FT,ML Ops Engineer,0,S,479000
1,Master's,CT,Analytics Engineer,100,M,677000
0,Master's,FT,Research Scientist,100,S,682000
0,PhD,FT,Data Architect,100,L,928000
4,Master's,FT,Machine Learning Engineer,0,M,1596000
1,Bachelor's,FT,Data Scientist,100,S,673000
7,PhD,FT,Data Scientist,100,M,1883000
0,Bachelor's,FT,ML Ops Engineer,100,L,930000
9,Master's,FT,Data Analyst,0,M,1192000
15,Bachelor's,FT,Data Architect,0,S,1817000
13,Master's,FT,Research Scientist,0,S,1507000
9,Master's,FT,Data Engineer,0,M,1677000
9,Master's,PT,Data Architect,100,M,1004000
0,Bachelor's,FT,Statistician,0,S,475000
4,Master's,FT,Data Architect,0,M,1520000
1,Bachelor's,FT,ML Ops Engineer,100,L,943000
0,Master's,FT,Data Analyst,50,S,361000
5,Bachelor's,CT,Analytics Engineer,0,M,860000
5,Master's,PT,ML Ops Engineer,50,S,704000
2,Master's,FT,Data Engineer,50,L,1179000
4,High School,FT,Data Scientist,50,M,811000
2,Master's,FT,Data Analyst,0,M,612000
1,Master's,CT,Machine Learning Engineer,50,L,992000
7,Master's,FT,Data Analyst,50,M,1227000
0,High School,FT,Data Analyst,100,S,287000
1,Bachelor's,FT,Data Scientist,100,M,833000
9,Bachelor's,CT,Machine Learning Engineer,50,M,1441000
20,Bachelor's,FT,ML Ops Engineer,100,L,2208000
0,High School,FT,Machine Learning Engineer,100,L,651000
9,Bachelor's,FT,Data Scientist,0,M,1184000
4,High School,FT,ML Ops Engineer,100,L,1085000
2,Master's,FT,ML Ops Engineer,100,M,1043000
0,Bachelor's,FT,Data Analyst,100,M,394000
3,Bachelor's,FT,Machine Learning Engineer,0,S,927000
2,Master's,FT,Data Architect,0,M,923000
0,Bachelor's,FT,ML Ops Engineer,50,M,757000
4,Master's,FT,Data Analyst,50,M,1014000
3,Master's,FT,Machine Learning Engineer,0,S,1172000
0,Master's,FT,Machine Learning Engineer,0,M,865000
3,PhD,FT,Research Scientist,100,L,1780000
1,Master's,FT,Statistician,0,M,726000
1,PhD,FT,Statistician,100,M,920000
1,Master's,FT,Data Architect,50,L,1258000
6,Master's,FT,Data Scientist,50,M,1045000
15,Bachelor's,FT,Research Scientist,0,M,1385000
17,Bachelor's,FT,Data Scientist,0,L,1726000
0,Bachelor's,FT,BI Analyst,100,L,558000
14,Master's,FL,Data Scientist,0,M,1149000
4,Bachelor's,FT,Research Scientist,0,M,1221000
2,Master's,FT,Research Scientist,100,M,1104000
28,Master's,FT,BI Analyst,100,S,1218000
12,Master's,FT,Data Scientist,50,L,1767000
0,Bachelor's,FT,Data Scientist,0,M,503000
13,Bachelor's,FT,ML Ops Engineer,0,M,1424000
8,Master's,PT,Data Analyst,0,M,708000
25,Master's,FT,Statistician,100,M,2034000
1,Bachelor's,FT,Statistician,100,L,728000
5,Master's,FT,Data Scientist,100,M,1343000
6,High School,FT,Statistician,50,M,769000
6,Bachelor's,CT,ML Ops Engineer,100,M,1372000
6,Master's,FT,Data Architect,100,M,1681000
5,Bachelor's,FT,Data Analyst,0,M,938000
3,Master's,FT,Analytics Engineer,50,S,944000
2,Master's,FT,Data Scientist,0,M,858000
26,Bachelor's,FT,Analytics Engineer,50,M,1630000
11,Master's,FT,Data Engineer,0,M,1665000
0,Master's,FT,Research Scientist,50,M,876000
1,PhD,FT,Statistician,50,L,1013000
4,Master's,FT,Data Engineer,0,M,1284000
15,Bachelor's,FT,Machine Learning Engineer,100,S,1682000
8,Master's,PT,Data Architect,50,M,989000
4,Master's,FT,Data Architect,0,L,1568000
4,PhD,FT,BI Analyst,50,S,919000
12,High School,FT,Data Engineer,0,M,1335000
6,Bachelor's,FT,Data Scientist,100,M,1378000
0,Bachelor's,CT,Data Architect,0,M,710000
3,Master's,FT,ML Ops Engineer,100,M,1130000
0,PhD,FT,Data Architect,50,M,820000
8,Bachelor's,FT,Research Scientist,0,M,1554000
2,Bachelor's,FT,Research Scientist,0,M,1093000
9,Bachelor's,FT,Statistician,0,M,1237000
2,Bachelor's,FT,Machine Learning Engineer,0,S,864000
9,Master's,FT,Data Engineer,0,M,1618000
8,Bachelor's,FT,Analytics Engineer,0,M,1131000
23,Bachelor's,FT,Data Engineer,100,S,1403000
5,Bachelor's,FT,Data Engineer,0,S,807000
10,Bachelor's,FT,Data Engineer,50,S,1194000
7,Bachelor's,FT,BI Analyst,0,S,781000
2,Master's,FT,Research Scientist,0,S,977000
9,Master's,FT,Data Scientist,100,L,1853000
10,Master's,FT,Analytics Engineer,50,L,1714000
12,Master's,FT,Data Architect,100,L,2075000
3,Master's,FT,Research Scientist,50,L,1655000
0,PhD,FT,Statistician,100,M,759000
3,Bachelor's,FT,Data Architect,100,S,998000
14,Bachelor's,FT,Research Scientist,50,S,1156000
7,Bachelor's,FT,Analytics Engineer,100,M,1275000
28,Bachelor's,FT,Data Engineer,100,S,1520000
7,Master's,FT,BI Analyst,100,L,1080000
12,Bachelor's,FT,Statistician,100,S,823000
0,Master's,PT,Analytics Engineer,100,M,314000
0,Bachelor's,FT,Data Engineer,0,M,588000
1,Master's,FT,Research Scientist,0,L,1076000
0,Bachelor's,FT,BI Analyst,0,S,385000
10,Master's,PT,Data Engineer,0,M,1079000
2,Bachelor's,FT,ML Ops Engineer,0,M,974000
28,Master's,FT,Data Analyst,100,S,1188000
3,Bachelor's,PT,Research Scientist,50,M,765000
3,Bachelor's,FT,Data Scientist,0,M,851000
3,Master's,FT,Analytics Engineer,100,M,1047000
9,Master's,FT,Data Scientist,0,M,1666000
2,Master's,FT,Data Engineer,0,L,1271000
1,Bachelor's,FT,Data Architect,100,M,803000
5,Bachelor's,FT,BI Analyst,0,M,716000
1,Bachelor's,FL,BI Analyst,100,S,303000
3,Master's,PT,Analytics Engineer,50,M,552000
8,Master's,PT,Analytics Engineer,100,S,670000
8,Master's,FT,Data Engineer,0,M,1553000
1,Bachelor's,FT,ML Ops Engineer,0,M,734000
6,Master's,FT,ML Ops Engineer,50,L,1897000
8,Bachelor's,FT,Data Analyst,50,M,985000
3,Bachelor's,FT,Machine Learning Engineer,100,M,1024000
6,Bachelor's,FT,Data Scientist,50,L,1098000
6,High School,FT,Data Analyst,0,M,653000
1,Bachelor's,FT,Statistician,100,S,508000
9,Bachelor's,FT,Data Analyst,0,L,1210000
8,PhD,FT,Data Analyst,100,M,1414000
1,Bachelor's,FT,Data Scientist,100,S,582000
8,Bachelor's,FT,BI Analyst,0,M,797000
2,Bachelor's,FT,Data Analyst,0,S,483000
2,Bachelor's,FT,Machine Learning Engineer,50,M,803000
1,Bachelor's,FT,Data Scientist,100,M,884000
11,Bachelor's,FT,Data Architect,0,M,1394000
6,Bachelor's,FT,Machine Learning Engineer,0,M,1600000
0,Bachelor's,FT,Data Scientist,0,S,453000
1,Bachelor's,PT,Analytics Engineer,50,S,336000
4,Bachelor's,FT,Machine Learning Engineer,0,M,1049000
6,Master's,CT,ML Ops Engineer,100,M,1585000
16,Bachelor's,FT,ML Ops Engineer,0,M,1711000
5,Master's,FT,BI Analyst,0,L,1089000
1,Master's,FT,Research Scientist,0,M,1066000
3,PhD,FT,Data Engineer,0,M,1507000
14,Bachelor's,CT,Data Analyst,100,L,1054000
0,Master's,FT,Machine Learning Engineer,0,L,1123000
4,Bachelor's,FT,Analytics Engineer,0,M,999000
3,Master's,FT,BI Analyst,50,S,587000
5,Master's,FT,Analytics Engineer,50,L,1276000
1,Bachelor's,FT,Research Scientist,100,L,812000
2,Bachelor's,FT,Data Analyst,100,M,619000
11,Master's,FT,BI Analyst,0,L,1525000
1,Master's,FT,Machine Learning Engineer,100,L,1176000
4,Bachelor's,FT,Machine Learning Engineer,0,L,1222000
3,Master's,FT,Analytics Engineer,0,L,1274000
2,Master's,PT,Machine Learning Engineer,100,M,598000
2,Bachelor's,FT,Data Analyst,100,L,727000
4,Bachelor's,FT,Research Scientist,50,M,1128000
0,Master's,FT,Data Scientist,50,M,745000
2,Master's,FT,Analytics Engineer,0,L,977000
4,Bachelor's,FT,Research Scientist,100,M,872000
0,Bachelor's,FT,Data Architect,100,M,664000
9,Master's,FT,Machine Learning Engineer,100,L,2096000
7,Bachelor's,FT,BI Analyst,100,M,1016000
0,Bachelor's,FT,Statistician,100,S,462000
4,Bachelor's,FT,Analytics Engineer,100,S,763000
0,Bachelor's,FT,Data Architect,100,M,739000
0,Bachelor's,FT,Data Analyst,100,M,420000
2,Bachelor's,FT,Data Scientist,0,M,722000
6,Bachelor's,FT,Data Analyst,0,M,858000
10,Master's,FT,Statistician,100,M,1314000
4,Master's,FT,Research Scientist,0,S,1636000
3,Master's,FT,Data Analyst,100,M,841000
11,High School,FT,Analytics Engineer,0,L,1053000
0,Bachelor's,FT,BI Analyst,50,S,303000
5,PhD,FT,Data Scientist,100,M,1326000
1,Bachelor's,FT,Research Scientist,100,L,855000
6,Master's,FT,ML Ops Engineer,0,S,950000
2,Master's,FT,Statistician,0,M,868000
0,Master's,FT,Machine Learning Engineer,100,L,1056000
1,Bachelor's,FT,Research Scientist,0,M,610000
8,Master's,FT,Data Architect,100,M,2232000
0,Bachelor's,FT,Data Analyst,100,L,540000
4,Bachelor's,FT,Machine Learning Engineer,100,S,1205000
8,Master's,FT,Research Scientist,100,M,1513000
1,Master's,FT,Data Architect,100,M,1178000
0,PhD,FT,Data Architect,0,L,1137000
0,Bachelor's,FT,Analytics Engineer,0,S,405000
0,Master's,CT,Statistician,50,L,634000
2,Bachelor's,FT,ML Ops Engineer,100,S,613000
21,Bachelor's,FT,BI Analyst,50,M,1214000
15,Master's,FT,ML Ops Engineer,50,M,1817000
3,Bachelor's,FT,Analytics Engineer,50,S,773000
4,Bachelor's,FT,Research Scientist,50,S,927000
0,Bachelor's,FT,Research Scientist,0,M,794000
4,Bachelor's,FT,Statistician,100,M,723000
5,Bachelor's,FT,Machine Learning Engineer,100,L,1842000
0,Bachelor's,FT,Data Analyst,100,M,454000
14,Bachelor's,FT,BI Analyst,0,M,1107000
11,Bachelor's,FT,Data Scientist,50,S,1262000
4,Master's,FT,Machine Learning Engineer,0,M,1438000
0,High School,FT,Research Scientist,100,L,462000
4,Master's,FT,Machine Learning Engineer,0,M,1444000
1,Master's,PT,Data Engineer,50,S,400000
5,Master's,FT,Data Analyst,100,L,1230000
1,Bachelor's,FT,Data Architect,0,M,796000
4,Bachelor's,FT,Data Engineer,0,S,859000
9,PhD,FT,Statistician,0,L,1726000
0,Bachelor's,FT,Machine Learning Engineer,100,M,521000
6,Master's,FT,Research Scientist,100,M,1667000
5,Bachelor's,FT,ML Ops Engineer,100,M,987000
1,Bachelor's,FT,Research Scientist,50,M,688000
4,High School,FT,ML Ops Engineer,0,M,783000
5,Bachelor's,FT,BI Analyst,50,M,823000
12,Bachelor's,FT,Data Engineer,0,M,1468000
2,Bachelor's,FT,Machine Learning Engineer,100,L,1317000
9,Master's,FT,Data Architect,100,M,1653000
2,Bachelor's,FT,Data Engineer,100,S,786000
6,High School,FT,Analytics Engineer,0,M,859000
28,Master's,FT,Statistician,100,S,1457000
4,Bachelor's,FT,Data Architect,0,M,1338000
11,Bachelor's,FT,ML Ops Engineer,0,L,1841000
5,High School,FT,Statistician,100,M,693000
6,Master's,FT,Research Scientist,0,L,1984000
0,Master's,FT,Statistician,100,L,710000
10,Master's,FT,Data Architect,0,L,2750000
5,Bachelor's,FT,Data Analyst,0,M,732000
0,Master's,PT,Statistician,100,L,358000
4,Master's,FT,ML Ops Engineer,100,L,1684000
6,Bachelor's,FT,Data Analyst,0,M,1016000
5,Bachelor's,FT,BI Analyst,100,M,658000
7,Master's,FT,Statistician,0,S,1056000
1,Bachelor's,FT,ML Ops Engineer,0,S,729000
1,Bachelor's,FT,BI Analyst,50,S,393000
1,PhD,PT,Data Analyst,50,M,350000
8,Bachelor's,FT,Data Engineer,100,M,1394000
1,Master's,FT,Data Engineer,50,L,1188000
0,Master's,FT,BI Analyst,0,L,627000
2,High School,FT,Data Scientist,0,S,534000
0,Master's,CT,BI Analyst,100,S,477000
4,Bachelor's,FT,ML Ops Engineer,0,M,1042000
0,Bachelor's,FT,ML Ops Engineer,50,M,604000
2,PhD,FT,ML Ops Engineer,0,M,1336000
0,Bachelor's,FT,Machine Learning Engineer,100,M,772000
3,Master's,FT,Data Scientist,50,M,1081000
2,Bachelor's,FT,Data Analyst,100,M,744000
8,Master's,FT,Data Scientist,0,M,1401000
2,Bachelor's,PT,BI Analyst,100,M,299000
2,Master's,FT,Data Scientist,0,L,1218000
1,Bachelor's,FT,Data Engineer,0,L,731000
8,Bachelor's,FT,Data Architect,0,M,1861000
1,PhD,FT,Statistician,100,M,836000
3,Bachelor's,FT,Data Scientist,100,M,897000
3,High School,FT,Research Scientist,0,S,595000
2,Bachelor's,FT,Research Scientist,100,L,1284000
5,Master's,FT,Machine Learning Engineer,0,M,1446000
4,High School,FT,Statistician,0,M,576000
1,Master's,FT,Statistician,0,M,659000
5,Master's,FT,Data Scientist,0,M,1328000
1,Master's,FT,Analytics Engineer,0,L,903000
0,Bachelor's,FT,Statistician,0,M,538000
6,Bachelor's,FT,Research Scientist,0,S,1181000
4,Master's,FT,Data Scientist,0,M,1140000
0,Bachelor's,FT,BI Analyst,0,L,508000
8,Bachelor's,FT,Research Scientist,0,M,1402000
3,Master's,FT,Data Analyst,0,S,779000
4,Master's,FT,Research Scientist,100,M,1370000
12,Master's,FT,Data Engineer,0,M,1951000
7,Bachelor's,FT,Research Scientist,50,M,1519000
1,Master's,FT,BI Analyst,0,M,739000
6,Bachelor's,FT,Data Analyst,100,S,790000
6,Bachelor's,FT,Data Architect,50,M,1195000
11,Master's,FT,ML Ops Engineer,0,M,1821000
3,Master's,FT,Analytics Engineer,100,S,718000
1,Bachelor's,FT,Statistician,100,M,687000
11,Bachelor's,FT,Statistician,0,S,1016000
0,Bachelor's,FT,BI Analyst,0,M,426000
1,Master's,FT,Analytics Engineer,0,M,569000
13,Master's,FT,Machine Learning Engineer,50,S,2028000
4,Master's,FT,Data Architect,100,L,2016000
7,Master's,FT,Data Architect,0,M,1622000
3,Bachelor's,FT,Statistician,0,S,590000
3,Bachelor's,FT,Data Scientist,0,M,839000
6,Bachelor's,FT,Machine Learning Engineer,50,L,1523000
2,Bachelor's,FT,Machine Learning Engineer,0,L,1203000
0,Bachelor's,FT,Statistician,0,M,475000
1,High School,FT,Data Engineer,50,M,481000
0,Bachelor's,FT,ML Ops Engineer,0,M,591000
13,Bachelor's,FT,BI Analyst,100,L,1529000
2,Bachelor's,FT,Analytics Engineer,100,M,724000
1,Bachelor's,FT,Analytics Engineer,100,M,520000
9,Master's,FT,BI Analyst,0,M,1265000
2,High School,FT,Data Architect,50,S,557000
1,Master's,FT,Data Architect,100,L,1365000
1,Bachelor's,FT,Analytics Engineer,0,L,885000
0,PhD,FT,Data Engineer,50,M,977000
0,Bachelor's,FT,ML Ops Engineer,0,M,560000
0,Bachelor's,FT,Research Scientist,50,L,922000
2,Bachelor's,FT,Machine Learning Engineer,50,M,958000
28,Bachelor's,FT,Data Engineer,100,M,1579000
2,Bachelor's,FT,Data Architect,100,M,995000
13,Bachelor's,FT,Statistician,0,L,1609000
8,Master's,FT,Statistician,0,M,1316000
16,Master's,FT,Data Architect,0,S,1958000
9,Bachelor's,FT,ML Ops Engineer,0,L,1746000
3,Master's,FT,ML Ops Engineer,100,M,1188000
5,Master's,FT,Research Scientist,0,M,1541000
11,Bachelor's,FT,Data Scientist,50,M,1661000
0,High School,FT,Machine Learning Engineer,50,M,463000
17,Bachelor's,FT,Data Architect,50,L,2144000
5,Master's,FT,Statistician,0,M,1093000
0,Master's,FT,Analytics Engineer,100,M,578000
0,Bachelor's,FT,Machine Learning Engineer,100,M,785000
17,Master's,FT,ML Ops Engineer,0,S,1919000
0,High School,FT,Statistician,0,M,373000
3,Bachelor's,FT,Research Scientist,50,S,923000
8,Master's,FT,ML Ops Engineer,100,M,2081000
8,Bachelor's,FT,Data Analyst,0,M,1067000
2,Bachelor's,FT,BI Analyst,100,S,617000
0,Bachelor's,FT,Data Scientist,100,L,723000
2,Bachelor's,FT,Machine Learning Engineer,0,S,736000
0,Bachelor's,FT,Data Engineer,0,M,608000
2,Bachelor's,FT,Data Scientist,0,M,797000
5,Bachelor's,FT,Statistician,50,M,901000
2,Bachelor's,FT,Statistician,50,M,653000
0,Master's,FT,Analytics Engineer,0,S,490000
11,Master's,FT,Machine Learning Engineer,0,M,2072000
2,Bachelor's,FT,Analytics Engineer,0,M,882000
7,Master's,FT,Analytics Engineer,100,L,1937000
1,Master's,FT,Statistician,0,M,659000
8,Bachelor's,FL,Data Analyst,0,S,588000
4,Bachelor's,FT,Machine Learning Engineer,0,M,1523000
12,Master's,FT,Data Engineer,0,M,2216000
1,Master's,FT,Statistician,0,M,709000
2,Bachelor's,FT,Statistician,100,M,633000
5,High School,PT,Data Engineer,0,M,523000
9,Master's,FT,Machine Learning Engineer,100,S,1440000
14,Bachelor's,FT,Data Analyst,0,M,1077000
1,Master's,FT,ML Ops Engineer,0,L,960000
0,Master's,FT,BI Analyst,0,M,386000
4,Master's,FT,Analytics Engineer,100,L,1403000
7,Master's,FT,Statistician,0,M,1139000
5,Bachelor's,FT,ML Ops Engineer,100,L,1292000
8,Master's,FT,Statistician,100,S,1094000
5,Master's,FT,Data Engineer,0,M,1583000
3,Master's,FT,Data Engineer,0,S,995000
0,Bachelor's,FT,Data Engineer,0,M,496000
2,Bachelor's,FT,Statistician,0,M,651000
0,Master's,FT,BI Analyst,50,S,527000
4,Bachelor's,FT,Machine Learning Engineer,0,L,1445000
2,Bachelor's,FT,Data Engineer,100,S,783000
4,Bachelor's,FT,Analytics Engineer,0,L,1188000
7,PhD,FT,BI Analyst,0,M,1485000
6,Bachelor's,FT,Statistician,100,S,760000
0,Bachelor's,FT,Data Analyst,100,M,467000
4,Bachelor's,FT,Data Architect,0,M,1494000
4,Bachelor's,PT,BI Analyst,100,S,374000
1,Master's,FT,Research Scientist,100,S,866000
15,Master's,FT,Statistician,100,S,1227000
8,Bachelor's,FT,Research Scientist,0,S,1279000
9,PhD,FT,Data Scientist,0,M,1768000
11,Master's,FT,Data Scientist,100,M,1632000
0,Bachelor's,FT,Analytics Engineer,100,M,617000
0,Bachelor's,FT,Data Architect,0,M,714000
17,Bachelor's,FT,Analytics Engineer,50,L,1540000
2,Bachelor's,FT,Analytics Engineer,100,S,662000
2,Bachelor's,FT,BI Analyst,0,M,549000
1,Master's,FT,Analytics Engineer,100,S,793000
1,Master's,FT,Data Architect,100,L,1257000
1,Bachelor's,FT,Machine Learning Engineer,50,L,1047000
1,Master's,FT,Data Scientist,100,M,957000
3,Bachelor's,FT,Statistician,100,S,688000
1,Bachelor's,FT,Data Engineer,0,L,697000
1,PhD,FT,Data Analyst,0,M,675000
27,Bachelor's,FT,BI Analyst,0,L,1390000
16,Master's,FT,Research Scientist,100,L,2485000
3,Master's,FT,Analytics Engineer,0,M,804000
10,Bachelor's,FT,Statistician,0,M,1017000
3,Master's,FT,Data Analyst,50,M,910000
11,Master's,FT,Research Scientist,0,M,1644000
12,Master's,FT,Analytics Engineer,100,M,1658000
0,Bachelor's,FT,ML Ops Engineer,0,M,558000
2,Master's,FT,Statistician,100,M,891000
0,Bachelor's,FT,Data Scientist,0,S,360000
0,Master's,FT,Data Analyst,50,S,446000
1,Master's,FT,ML Ops Engineer,0,M,744000
1,Bachelor's,FT,Statistician,50,M,528000
5,Bachelor's,PT,Data Architect,0,L,707000
4,High School,FT,Data Analyst,100,M,591000
14,Master's,FT,Data Analyst,100,M,1467000
23,Bachelor's,PT,Research Scientist,100,M,1253000
9,Bachelor's,FT,Data Analyst,0,M,986000
0,Bachelor's,FT,Data Analyst,0,M,409000
3,Master's,FT,Data Architect,100,S,990000
0,Master's,FT,Data Architect,50,L,1060000
3,Master's,FT,Data Scientist,100,M,1173000
19,Master's,FT,Analytics Engineer,100,L,1828000
0,Master's,FT,Data Analyst,100,S,400000
8,Master's,FT,Analytics Engineer,0,M,1396000
17,Master's,FT,Statistician,100,L,1990000
14,Bachelor's,FT,Data Scientist,100,L,1857000
1,Bachelor's,CT,BI Analyst,100,L,533000
10,Master's,FT,Data Analyst,0,M,1320000
2,Bachelor's,FT,Data Scientist,100,L,1085000
6,Bachelor's,FT,Data Architect,100,M,1641000
3,Bachelor's,FT,BI Analyst,0,M,732000
11,Master's,FT,Machine Learning Engineer,50,L,1829000
1,Master's,FT,Statistician,100,L,925000
1,Master's,FT,Data Analyst,100,L,768000
9,Master's,FT,Data Analyst,100,M,1207000
8,Bachelor's,FT,Data Architect,0,L,1816000
7,Bachelor's,FT,ML Ops Engineer,50,M,1357000
0,Bachelor's,FT,Machine Learning Engineer,100,M,561000
0,Bachelor's,FT,Analytics Engineer,0,M,527000
16,Master's,FT,Data Architect,50,M,2045000
3,Bachelor's,FT,Machine Learning Engineer,0,S,820000
1,Master's,FT,Data Analyst,0,L,456000
1,PhD,FT,Data Architect,0,S,948000
14,Master's,FT,Analytics Engineer,100,M,1749000
0,Master's,FT,Research Scientist,100,M,594000
0,Bachelor's,FT,Research Scientist,0,S,606000
4,Master's,FT,Data Engineer,0,M,1345000
0,Master's,CT,Machine Learning Engineer,0,S,650000
7,Bachelor's,CT,Analytics Engineer,50,M,928000
0,Master's,FT,Data Analyst,0,M,639000
0,Bachelor's,FT,Data Architect,100,M,750000
0,Bachelor's,FT,ML Ops Engineer,50,S,540000
1,Master's,FT,Statistician,100,L,726000
5,High School,FT,Data Architect,0,M,1176000
5,Master's,FT,Machine Learning Engineer,0,L,1839000
1,Bachelor's,FT,Data Scientist,100,M,606000
11,Master's,FT,Data Engineer,0,L,1951000
0,Master's,FT,ML Ops Engineer,50,M,807000
0,Bachelor's,FT,BI Analyst,0,M,409000
4,High School,FT,Statistician,100,M,871000
3,Bachelor's,FT,Analytics Engineer,0,L,910000
10,PhD,CT,BI Analyst,0,L,1313000
2,Bachelor's,FT,Data Engineer,0,L,1102000
3,High School,FT,Research Scientist,0,M,651000
7,Master's,FT,Statistician,50,M,1411000
14,Master's,FT,Data Scientist,0,M,1624000
12,Master's,FT,Data Analyst,100,L,1555000
6,High School,FT,Research Scientist,0,S,777000
12,PhD,CT,Data Analyst,0,L,1511000
1,Master's,FT,ML Ops Engineer,0,L,1154000
8,Bachelor's,FT,Data Analyst,100,L,1117000
0,Bachelor's,FT,Analytics Engineer,100,S,472000
6,Bachelor's,FT,Analytics Engineer,0,M,1196000
14,Bachelor's,FT,Machine Learning Engineer,50,S,1543000
8,Master's,FT,Data Scientist,0,S,1536000
6,Bachelor's,FT,Data Scientist,100,S,1084000
0,Bachelor's,FT,Data Engineer,100,M,505000
2,Master's,FT,Data Analyst,0,M,606000
5,Bachelor's,FT,Data Scientist,100,M,1001000
0,Master's,FT,Data Analyst,0,M,546000
8,Bachelor's,FT,Statistician,100,S,1096000
3,PhD,CT,Data Scientist,100,M,1042000
8,Bachelor's,CT,Data Analyst,100,M,876000
1,Master's,FT,Data Engineer,100,M,748000
0,Bachelor's,FT,Data Scientist,50,S,341000
5,Master's,FT,Data Engineer,0,M,1493000
9,Bachelor's,FT,Data Engineer,0,S,1401000
4,Master's,FT,Machine Learning Engineer,100,M,937000
12,Master's,FT,ML Ops Engineer,0,M,1484000
0,High School,FT,Machine Learning Engineer,50,M,418000
3,Master's,FT,Statistician,50,M,778000
6,PhD,FT,Research Scientist,0,M,1313000
3,Bachelor's,FT,Machine Learning Engineer,0,M,1012000
16,Master's,FT,Data Scientist,0,M,1510000
2,Master's,FT,ML Ops Engineer,50,S,981000
1,Master's,FT,Statistician,50,L,876000
1,Master's,FT,Analytics Engineer,0,M,711000
0,Bachelor's,FT,Statistician,50,S,452000
2,Bachelor's,FT,Data Engineer,50,M,880000
2,Bachelor's,FT,Data Analyst,0,M,564000
7,Master's,FT,Machine Learning Engineer,0,M,1870000
7,Master's,FT,Statistician,0,S,981000
1,Bachelor's,PT,BI Analyst,100,L,340000
16,Bachelor's,FT,Machine Learning Engineer,100,L,2084000
1,Bachelor's,FT,Machine Learning Engineer,0,L,984000
8,Bachelor's,FT,Data Analyst,0,L,1055000
1,Bachelor's,FT,Data Scientist,0,S,496000
0,Master's,FT,Analytics Engineer,0,L,762000
1,Master's,FT,Data Scientist,100,M,644000
10,Master's,PT,Data Architect,0,L,1401000
17,Master's,FT,Statistician,0,L,1657000
8,Bachelor's,FT,Analytics Engineer,100,M,1194000
10,PhD,FT,Data Architect,50,M,2122000
4,Bachelor's,FT,Statistician,100,M,1033000
19,Bachelor's,FT,Data Engineer,0,M,1496000
7,Bachelor's,FT,Data Architect,0,M,1438000
11,Master's,PT,Machine Learning Engineer,50,L,1195000
2,PhD,FT,Research Scientist,100,M,1232000
9,Bachelor's,FT,Analytics Engineer,0,M,1143000
3,Bachelor's,FT,Data Analyst,0,M,564000
2,Bachelor's,FT,BI Analyst,100,M,618000
0,PhD,FT,Data Architect,0,M,964000
1,Bachelor's,FT,Data Engineer,100,L,879000
0,Master's,FT,Data Analyst,0,L,588000
6,Bachelor's,FT,Data Analyst,100,M,882000
3,Master's,FT,Data Architect,0,M,1267000
0,Master's,CT,Data Analyst,100,M,586000
0,Master's,FT,Analytics Engineer,0,M,721000
0,Master's,FT,Statistician,50,M,611000
17,Bachelor's,FT,Data Engineer,50,M,1586000
8,Bachelor's,FT,Data Analyst,50,L,1086000
15,Bachelor's,FT,Data Engineer,100,M,2127000
8,Bachelor's,FT,Research Scientist,50,M,1273000
7,Bachelor's,FT,Statistician,100,M,927000
2,Master's,FT,Analytics Engineer,0,M,1095000
8,Bachelor's,FT,Analytics Engineer,100,M,1561000
11,Bachelor's,FT,Data Architect,50,L,2258000
2,Master's,FT,Analytics Engineer,100,M,889000
10,Master's,CT,Data Engineer,0,L,1635000
0,PhD,FT,BI Analyst,0,L,781000
0,Bachelor's,FT,BI Analyst,50,M,444000
4,Master's,FT,Statistician,100,S,807000
2,Master's,FT,ML Ops Engineer,0,S,902000
2,Bachelor's,FT,Statistician,0,M,771000
2,High School,FT,BI Analyst,100,M,490000
0,Bachelor's,FT,Data Engineer,100,L,636000
3,Bachelor's,FT,Data Engineer,50,M,879000
8,Bachelor's,PT,ML Ops Engineer,100,M,704000
3,Master's,FT,Research Scientist,0,L,1170000
0,Bachelor's,FT,Analytics Engineer,100,S,592000
8,Bachelor's,FT,Data Architect,0,L,2045000
4,Bachelor's,FT,ML Ops Engineer,50,M,1062000
2,Bachelor's,FT,Data Architect,100,M,920000
6,Master's,FT,BI Analyst,50,S,843000
0,PhD,FT,ML Ops Engineer,0,M,1006000
7,Master's,FL,ML Ops Engineer,0,M,982000
3,High School,FT,Machine Learning Engineer,0,M,911000
0,Master's,FT,Research Scientist,100,S,674000
24,Bachelor's,FL,Data Analyst,0,S,863000
3,Bachelor's,FT,Machine Learning Engineer,0,S,946000
0,Master's,FT,Data Engineer,100,M,802000
15,Master's,FT,Analytics Engineer,100,S,1609000
4,High School,FT,Data Engineer,0,M,788000
1,Bachelor's,FT,Statistician,100,M,753000
7,Bachelor's,FT,Statistician,50,M,938000
5,Bachelor's,FT,ML Ops Engineer,100,S,1038000
1,Master's,FT,Data Architect,100,S,1207000
3,Bachelor's,FT,BI Analyst,0,S,609000
0,Bachelor's,FT,BI Analyst,50,L,403000
1,Bachelor's,CT,Data Architect,50,M,880000
0,Master's,FT,Data Architect,0,M,972000
3,Master's,FT,Statistician,100,M,1121000
11,Bachelor's,FT,Data Engineer,100,M,1625000
3,Master's,FT,Data Scientist,100,M,738000
6,Master's,FT,BI Analyst,0,M,934000
2,Bachelor's,FT,Machine Learning Engineer,100,M,796000
7,Bachelor's,FT,Data Scientist,0,L,1230000
0,Master's,FT,Machine Learning Engineer,0,M,767000
0,Bachelor's,FT,Machine Learning Engineer,50,M,521000
8,High School,FT,Data Scientist,0,L,1134000
10,Master's,FT,ML Ops Engineer,0,M,2014000
4,Master's,FT,Data Architect,50,L,1857000
1,Bachelor's,FT,BI Analyst,100,M,531000
2,Bachelor's,FT,Data Engineer,0,M,866000
10,Bachelor's,FT,Machine Learning Engineer,50,M,1490000
10,Master's,FT,ML Ops Engineer,50,M,1717000
5,Master's,FT,Machine Learning Engineer,0,M,1462000
15,Bachelor's,FT,Data Scientist,50,L,1869000
7,Master's,FT,Data Architect,0,M,1652000
2,Bachelor's,FT,Research Scientist,100,S,774000
12,Bachelor's,FT,Data Analyst,50,M,1051000
1,Master's,FT,ML Ops Engineer,0,M,834000
9,Bachelor's,FT,Analytics Engineer,100,M,1267000
3,PhD,FT,Data Analyst,0,M,1224000
5,Bachelor's,CT,Machine Learning Engineer,0,L,1117000
3,Bachelor's,FT,ML Ops Engineer,0,M,1229000
0,Master's,FT,Data Engineer,50,M,615000
4,High School,FT,BI Analyst,50,M,468000
6,Bachelor's,FT,Research Scientist,0,S,1231000
0,Bachelor's,FT,Analytics Engineer,100,L,562000
5,Bachelor's,FT,Machine Learning Engineer,100,M,1513000
0,Bachelor's,FT,Data Analyst,0,L,617000
4,Bachelor's,FT,Data Analyst,0,M,824000
1,Master's,FT,Data Architect,100,M,1251000
21,Master's,FT,Statistician,0,L,1929000
3,Master's,FT,Data Analyst,50,M,741000
1,Bachelor's,PT,ML Ops Engineer,100,M,530000
4,Master's,FT,BI Analyst,100,M,842000
0,Bachelor's,FT,BI Analyst,50,M,530000
5,Master's,FT,Statistician,100,M,965000
17,Bachelor's,FT,ML Ops Engineer,50,M,1600000
4,Bachelor's,PT,Data Engineer,50,S,467000
0,Master's,FT,Machine Learning Engineer,50,S,654000
8,Bachelor's,FT,Data Architect,0,M,1689000
0,Master's,FT,Statistician,100,L,659000
14,Bachelor's,FT,Data Analyst,0,S,899000
0,Bachelor's,PT,Research Scientist,100,M,479000
1,Bachelor's,FT,Research Scientist,100,M,694000
3,Master's,FT,ML Ops Engineer,0,L,1371000
5,Bachelor's,CT,Research Scientist,0,M,1218000
4,High School,FT,Data Scientist,100,M,493000
2,Bachelor's,FT,Data Engineer,0,M,726000
4,High School,FT,Research Scientist,0,M,915000
2,Bachelor's,FT,Data Engineer,100,L,946000
4,Bachelor's,CT,Data Architect,0,L,1473000
2,Bachelor's,CT,Machine Learning Engineer,0,M,879000
4,Master's,FT,Data Engineer,0,M,1214000
0,Bachelor's,FT,Machine Learning Engineer,100,L,778000
2,Master's,FT,Machine Learning Engineer,0,M,1100000
28,Bachelor's,FT,Analytics Engineer,100,S,1445000
18,Master's,FT,Statistician,100,M,2078000
3,Bachelor's,FT,Machine Learning Engineer,100,M,1097000
5,Bachelor's,FT,Analytics Engineer,0,M,1011000
5,Bachelor's,FT,Data Architect,0,M,1380000
20,Bachelor's,FT,Data Scientist,50,L,1709000
4,Master's,FT,Research Scientist,0,M,1269000
4,High School,CT,Machine Learning Engineer,0,L,1087000
5,Bachelor's,FT,Analytics Engineer,100,M,1061000
3,Bachelor's,FT,Machine Learning Engineer,0,S,1124000
3,Bachelor's,FT,Data Engineer,100,S,1087000
0,Master's,FT,ML Ops Engineer,50,M,867000
12,Master's,FT,Data Architect,0,S,1515000
3,Master's,FT,Statistician,0,L,915000
0,Bachelor's,FT,Data Analyst,100,M,436000
7,High School,FT,Research Scientist,100,L,1129000
9,Bachelor's,FT,Machine Learning Engineer,0,S,1306000
10,Bachelor's,FT,Machine Learning Engineer,0,M,1491000
8,Master's,CT,BI Analyst,100,L,1102000
3,Bachelor's,FT,Data Analyst,100,L,850000
6,High School,FT,Machine Learning Engineer,100,M,1005000
14,Master's,FT,BI Analyst,100,M,1360000
2,Bachelor's,FT,Data Analyst,100,S,595000
0,Bachelor's,FT,Research Scientist,0,L,938000
2,Bachelor's,FT,Research Scientist,100,M,1088000
2,Master's,FT,ML Ops Engineer,100,M,1214000
2,Master's,FT,BI Analyst,100,M,538000
3,High School,FT,Research Scientist,100,L,1051000
11,Master's,FT,Data Engineer,0,M,1901000
2,Master's,FT,Data Scientist,100,L,1192000
1,Master's,FT,Data Scientist,100,M,722000
3,Bachelor's,FT,Machine Learning Engineer,100,S,999000
13,Bachelor's,FT,Data Architect,0,M,1482000
2,Master's,FL,Data Analyst,0,M,554000
0,Bachelor's,FT,Data Analyst,50,M,394000
0,Master's,FT,Data Architect,0,M,801000
1,Master's,FT,Research Scientist,100,L,942000
3,High School,FT,Data Analyst,100,M,646000
3,PhD,FT,Data Analyst,0,M,962000
3,Master's,FT,Data Engineer,100,L,1146000
1,Master's,FT,Analytics Engineer,0,L,986000
0,Bachelor's,FT,Data Engineer,0,S,484000
18,Master's,FT,Data Architect,0,M,2226000
6,Bachelor's,FT,Machine Learning Engineer,100,L,1510000
0,Bachelor's,FT,Analytics Engineer,0,L,559000
4,Master's,FT,Statistician,0,S,954000
1,Bachelor's,FT,BI Analyst,0,L,697000
2,Bachelor's,FT,Machine Learning Engineer,0,S,848000
0,Bachelor's,FT,Data Architect,0,L,736000
1,Bachelor's,FT,Data Architect,50,M,878000
4,Master's,FT,Research Scientist,100,L,1395000
7,Master's,FT,Data Engineer,100,M,1892000
1,Bachelor's,FT,Data Analyst,100,M,585000
12,Master's,PT,Data Engineer,100,L,1018000
0,High School,FT,Statistician,0,M,325000
2,Master's,FT,Data Scientist,0,S,864000
7,Bachelor's,FT,Machine Learning Engineer,0,M,1548000
5,PhD,FT,Analytics Engineer,100,M,1814000
8,Bachelor's,FT,ML Ops Engineer,100,L,1657000
6,Bachelor's,FT,Data Scientist,0,M,1302000
2,Bachelor's,FT,Analytics Engineer,0,M,760000
10,Bachelor's,PT,Research Scientist,100,M,817000
10,Bachelor's,FT,Analytics Engineer,100,S,1035000
3,Master's,FT,Data Analyst,100,M,803000
6,Master's,FT,Machine Learning Engineer,100,M,1447000
5,Master's,FT,Analytics Engineer,50,M,1144000
9,Master's,FT,Data Scientist,0,M,1527000
0,Bachelor's,FT,Data Architect,0,S,518000
15,Master's,FT,Statistician,0,S,1241000
0,Bachelor's,CT,Data Analyst,100,M,411000
2,PhD,FT,Data Engineer,50,L,1231000
4,Bachelor's,FT,BI Analyst,100,S,622000
4,Bachelor's,FT,Data Architect,0,M,1118000
11,Master's,FT,Statistician,0,S,1164000
18,High School,FT,Data Analyst,100,L,1143000
0,Bachelor's,FT,Statistician,100,L,534000
0,Bachelor's,FT,BI Analyst,100,S,341000
0,Bachelor's,FL,Data Architect,0,M,669000
3,Master's,FT,Data Engineer,0,L,1166000
3,Master's,FL,BI Analyst,50,L,585000
3,PhD,FT,Data Analyst,100,M,1000000
3,Master's,FT,Data Scientist,100,M,1022000
2,Master's,FT,Research Scientist,0,M,1121000
2,Bachelor's,CT,Machine Learning Engineer,0,L,876000
2,Master's,FT,BI Analyst,0,S,440000
12,Master's,FT,Research Scientist,100,S,1986000
14,Master's,FT,Analytics Engineer,0,M,1508000
12,Bachelor's,FT,Data Scientist,0,S,1237000
14,Master's,FT,Analytics Engineer,100,M,1849000
8,Bachelor's,FT,Research Scientist,0,L,1645000
0,PhD,FT,ML Ops Engineer,50,M,824000
3,PhD,PT,Statistician,100,L,604000
8,Master's,FT,BI Analyst,100,M,848000
2,High School,FT,Data Architect,0,M,594000
2,Bachelor's,FT,Data Engineer,0,M,876000
10,Master's,FT,Data Analyst,0,M,1002000
1,Master's,FT,Machine Learning Engineer,0,M,938000
0,Bachelor's,FT,ML Ops Engineer,0,L,597000
5,Bachelor's,FT,ML Ops Engineer,0,M,1163000
7,Bachelor's,FT,Data Architect,0,M,1795000
12,Bachelor's,FT,Data Scientist,0,S,1235000
2,Master's,PT,Analytics Engineer,50,L,544000
12,Bachelor's,FT,Analytics Engineer,100,M,1157000
5,Master's,FT,Data Architect,0,S,1454000
1,PhD,FT,BI Analyst,0,M,823000
2,PhD,FT,Data Engineer,0,S,1118000
6,Master's,FT,Analytics Engineer,0,L,1700000
4,Bachelor's,FT,Data Engineer,0,M,920000
5,Master's,FT,Statistician,50,M,1018000
2,Master's,FT,Data Engineer,100,M,1034000
9,Bachelor's,FT,Data Architect,0,M,1795000
5,Bachelor's,CT,Machine Learning Engineer,0,S,1029000
5,Bachelor's,FT,Research Scientist,100,M,1438000
6,Master's,FT,Machine Learning Engineer,0,M,1975000
0,Master's,FT,Analytics Engineer,100,S,512000
0,Master's,FT,Data Architect,0,M,653000
6,Bachelor's,FT,Analytics Engineer,50,S,804000
1,Bachelor's,FT,Data Engineer,100,M,705000
6,Master's,FT,Data Scientist,0,L,1973000
12,Master's,FT,Data Engineer,0,S,1271000
0,Bachelor's,FT,BI Analyst,0,S,359000
0,Bachelor's,FT,BI Analyst,100,M,455000
7,Bachelor's,FT,Data Analyst,0,M,1033000
7,Bachelor's,FT,Machine Learning Engineer,50,M,1396000
3,Bachelor's,FT,ML Ops Engineer,0,M,940000
1,Bachelor's,FT,BI Analyst,100,L,568000
2,Master's,FT,Data Scientist,100,M,1017000
2,Master's,PT,Research Scientist,100,L,849000
5,Bachelor's,FT,BI Analyst,50,L,1086000
2,Bachelor's,FT,Machine Learning Engineer,100,S,793000
8,Bachelor's,FT,Data Engineer,0,M,1431000
5,Master's,FT,BI Analyst,100,M,1004000
8,Bachelor's,PT,Data Scientist,100,M,673000
18,Master's,FT,Analytics Engineer,100,L,2428000
3,Bachelor's,CT,ML Ops Engineer,100,M,874000
3,Master's,FT,Data Analyst,0,L,829000
4,Bachelor's,FT,ML Ops Engineer,100,L,1134000
18,Master's,FT,Data Scientist,100,M,1791000
27,Master's,FT,Data Architect,100,L,2528000
1,Master's,FT,Statistician,0,M,596000
5,PhD,FT,Data Scientist,0,M,1551000
2,Bachelor's,FT,Data Architect,50,L,1246000
9,Master's,FT,Data Engineer,100,M,1999000
4,Master's,FT,Data Scientist,100,M,1163000
2,Bachelor's,FT,Data Architect,50,L,974000
3,Master's,FT,ML Ops Engineer,100,S,1018000
3,Bachelor's,FT,Research Scientist,100,M,1161000
5,Bachelor's,FT,Data Analyst,50,L,859000
3,Master's,PT,ML Ops Engineer,50,L,653000
2,Master's,FT,ML Ops Engineer,0,M,1171000
5,PhD,FT,Data Scientist,0,M,1594000
3,Bachelor's,FT,Data Analyst,100,M,796000
0,Bachelor's,CT,BI Analyst,100,M,332000
8,Bachelor's,FT,Statistician,0,L,1501000
0,Bachelor's,FT,Data Analyst,0,L,557000
0,Bachelor's,FT,Data Engineer,0,L,578000
2,Master's,FT,Analytics Engineer,100,M,824000
7,Bachelor's,FT,Data Scientist,100,L,1438000
17,Master's,FT,Data Engineer,0,M,1730000
27,Bachelor's,CT,Machine Learning Engineer,0,M,1601000
0,Bachelor's,FT,Statistician,100,L,580000
2,Master's,FT,Statistician,0,L,1023000
0,Bachelor's,FT,BI Analyst,0,M,409000
1,Bachelor's,FT,Research Scientist,100,M,613000
27,Master's,FT,ML Ops Engineer,0,M,2275000
1,Bachelor's,FT,Data Engineer,100,M,823000
3,Bachelor's,CT,ML Ops Engineer,50,M,783000
1,Master's,FT,BI Analyst,0,M,614000
6,Bachelor's,FT,Research Scientist,0,L,1578000
2,Master's,FT,Machine Learning Engineer,0,L,1393000
8,Bachelor's,FT,ML Ops Engineer,0,M,1425000
13,Bachelor's,FT,Data Engineer,0,M,1602000
2,Master's,CT,ML Ops Engineer,100,L,1286000
0,Bachelor's,FT,Analytics Engineer,0,M,517000
4,Master's,FT,Data Analyst,0,M,965000
0,PhD,FT,Statistician,0,M,658000
2,Master's,FT,Statistician,100,M,642000
1,PhD,FL,Statistician,100,M,660000
2,Bachelor's,FT,Data Scientist,0,M,758000
2,Master's,FT,Data Scientist,0,L,1139000
15,Bachelor's,FT,ML Ops Engineer,100,L,1700000
1,Bachelor's,FT,Data Architect,50,M,886000
11,Master's,FT,BI Analyst,100,M,1151000
1,Bachelor's,FT,Machine Learning Engineer,50,M,936000
0,Bachelor's,PT,Data Scientist,100,M,354000
7,High School,FT,Machine Learning Engineer,100,M,1048000
0,Bachelor's,FT,Data Analyst,50,M,433000
1,Master's,FT,Machine Learning Engineer,100,M,1009000
5,High School,FT,Statistician,100,M,624000
1,Bachelor's,FT,Data Engineer,0,M,669000
14,Bachelor's,FT,Data Scientist,50,L,1524000
5,Bachelor's,FT,Research Scientist,100,M,1119000
1,Bachelor's,FT,Analytics Engineer,100,M,774000
11,Bachelor's,FT,Data Analyst,0,S,974000
9,Master's,FT,ML Ops Engineer,100,M,1714000
1,Master's,FT,Data Analyst,100,S,662000
8,Master's,FL,Data Architect,0,L,1251000
9,Bachelor's,FT,Data Analyst,100,M,1095000
17,Master's,FT,Machine Learning Engineer,50,M,1731000
0,Bachelor's,FT,Analytics Engineer,50,L,546000
3,Master's,FT,Machine Learning Engineer,0,M,1465000
2,Master's,FL,Analytics Engineer,50,L,767000
8,Master's,PT,Statistician,100,S,625000
19,Master's,FT,Data Architect,0,M,2021000
11,PhD,FT,Data Analyst,0,S,1038000
3,PhD,FT,Machine Learning Engineer,100,M,1629000
13,Master's,FT,Data Engineer,100,L,2156000
2,Bachelor's,FT,Data Scientist,0,L,966000
4,Bachelor's,FT,Statistician,0,S,755000
5,Master's,CT,Data Architect,0,S,1118000
0,Bachelor's,CT,Data Engineer,50,M,491000
9,Master's,FT,Data Architect,50,M,1937000
5,Bachelor's,FT,Machine Learning Engineer,0,L,1575000
2,Bachelor's,FT,Analytics Engineer,0,M,688000
0,Bachelor's,FT,ML Ops Engineer,100,L,733000
1,Master's,FT,Research Scientist,100,M,1036000
24,Master's,FT,Data Scientist,50,L,2157000
0,Master's,FT,Data Analyst,100,M,571000
3,Bachelor's,CT,Research Scientist,50,M,938000
13,Bachelor's,FT,Data Architect,0,L,2190000
1,Master's,FT,ML Ops Engineer,0,M,710000
4,Master's,FT,Statistician,100,M,1081000
4,PhD,FT,BI Analyst,100,S,1022000
3,Bachelor's,FT,Data Engineer,100,M,1128000
1,Master's,FT,Statistician,100,M,761000
11,Master's,FT,ML Ops Engineer,100,S,1341000
8,Master's,FT,Analytics Engineer,0,L,1661000
1,Master's,FT,Data Engineer,100,M,898000
7,Master's,FT,Analytics Engineer,0,M,1389000
3,Bachelor's,FT,Statistician,50,M,784000
16,Bachelor's,FT,Data Engineer,100,M,1712000
0,Bachelor's,FT,Analytics Engineer,100,L,634000
3,Bachelor's,FT,ML Ops Engineer,100,M,1135000
3,Bachelor's,FT,Data Scientist,0,M,940000
3,Master's,FT,BI Analyst,50,M,865000
2,Master's,PT,Data Analyst,0,M,397000
5,High School,FT,BI Analyst,100,M,620000
2,High School,FT,Statistician,50,S,448000
4,Bachelor's,FT,Data Analyst,0,L,767000
0,Bachelor's,FT,Data Engineer,50,M,618000
1,PhD,CT,Analytics Engineer,0,M,922000
9,Master's,FT,Data Analyst,0,M,1291000
11,Bachelor's,FT,Analytics Engineer,50,M,1278000
0,Bachelor's,FL,Analytics Engineer,0,S,349000
13,Master's,FT,BI Analyst,100,S,1147000
5,Bachelor's,FT,BI Analyst,0,L,951000
5,Bachelor's,FT,Data Analyst,100,S,567000
0,Bachelor's,FT,Data Scientist,0,S,476000
1,Bachelor's,FT,Data Analyst,0,S,416000
2,Master's,FT,Analytics Engineer,100,L,1087000
0,Bachelor's,FT,Data Scientist,100,S,390000
24,Master's,FT,Research Scientist,100,L,2303000
2,Bachelor's,FT,Data Scientist,50,M,793000
5,Bachelor's,FT,Research Scientist,100,L,1490000
9,Bachelor's,FT,Data Architect,100,M,1506000
17,Bachelor's,FT,Research Scientist,100,M,2293000
1,Bachelor's,FT,Analytics Engineer,0,M,782000
2,Bachelor's,FT,Data Analyst,0,M,701000
15,Master's,FT,Statistician,100,L,1812000
9,Bachelor's,FT,Data Analyst,100,L,1045000
20,Bachelor's,CT,Data Analyst,0,M,851000
3,Bachelor's,FT,Data Engineer,100,L,1225000
15,Master's,FT,Analytics Engineer,0,M,1652000
1,Bachelor's,FT,Analytics Engineer,100,M,669000
0,Master's,PT,Statistician,100,L,463000
26,PhD,FT,Data Architect,100,L,3037000
12,Bachelor's,FT,ML Ops Engineer,100,M,1617000
1,PhD,FT,BI Analyst,0,L,890000
1,Master's,FT,Machine Learning Engineer,100,M,930000
12,Bachelor's,FT,Data Scientist,50,S,1239000
4,Master's,FT,ML Ops Engineer,0,L,1440000
3,Master's,FT,ML Ops Engineer,100,S,1225000
2,Bachelor's,FT,ML Ops Engineer,50,L,1101000
4,Bachelor's,FT,Machine Learning Engineer,100,M,1327000
4,High School,FT,Machine Learning Engineer,100,M,1012000
1,Bachelor's,FT,Data Scientist,100,L,817000
2,Bachelor's,FT,Data Engineer,0,L,1071000
1,Master's,FT,Research Scientist,0,M,888000
2,Bachelor's,FT,Data Scientist,100,L,1066000
5,Bachelor's,FT,Data Analyst,0,L,794000
2,Bachelor's,FT,ML Ops Engineer,0,M,960000
1,Master's,FT,Analytics Engineer,100,M,827000
2,Bachelor's,FT,Data Engineer,0,L,810000
11,Bachelor's,FT,ML Ops Engineer,100,L,2098000
1,High School,FT,Machine Learning Engineer,0,S,554000
9,Master's,FT,Statistician,100,S,1090000
0,Bachelor's,FT,Analytics Engineer,50,L,465000
2,Master's,FT,Machine Learning Engineer,0,M,1152000
8,Master's,FT,Data Analyst,0,M,1095000
2,Master's,FT,Data Analyst,0,L,991000
0,High School,PT,ML Ops Engineer,50,M,288000
2,Master's,FT,ML Ops Engineer,0,M,914000
0,Bachelor's,FT,Statistician,0,S,404000
14,Master's,FT,Data Analyst,100,L,1283000
0,Bachelor's,FT,BI Analyst,0,M,489000
10,High School,FT,Data Scientist,100,M,1007000
16,Master's,FT,Data Scientist,100,M,1739000
4,Master's,FT,Machine Learning Engineer,100,L,1645000
2,Bachelor's,PT,Analytics Engineer,50,L,422000
8,Master's,FT,Machine Learning Engineer,0,S,1496000
2,Master's,FT,Data Scientist,0,M,793000
1,Bachelor's,FT,Data Scientist,100,L,967000
2,Master's,FL,Data Analyst,100,L,645000
3,Master's,FT,Data Scientist,0,M,1209000
2,Bachelor's,FT,Data Scientist,100,M,1052000
0,Master's,FT,Machine Learning Engineer,0,S,809000
0,Bachelor's,FT,Data Architect,0,S,509000
7,Bachelor's,FT,Data Scientist,0,M,1069000
4,Master's,FT,Data Analyst,100,M,870000
11,Bachelor's,FT,Machine Learning Engineer,100,M,1974000
0,Master's,FT,BI Analyst,50,M,415000
2,Master's,FT,Statistician,100,M,803000
18,PhD,FT,Statistician,100,L,2096000
0,Master's,FT,Machine Learning Engineer,0,M,898000
0,Master's,FT,Data Architect,0,M,774000
16,Bachelor's,FT,BI Analyst,100,S,1118000
16,Bachelor's,FT,Data Analyst,50,M,1306000
5,Master's,FT,Machine Learning Engineer,0,S,1233000
3,Master's,FT,Statistician,0,M,744000
0,Bachelor's,FT,Research Scientist,100,S,563000
0,Master's,FL,Data Analyst,100,M,361000
6,Bachelor's,FT,Analytics Engineer,100,L,1122000
16,Master's,FT,Analytics Engineer,0,M,1810000
1,Bachelor's,FT,BI Analyst,0,M,484000
4,Bachelor's,CT,ML Ops Engineer,0,M,1165000
3,Bachelor's,FT,Analytics Engineer,100,M,914000
1,Bachelor's,FT,ML Ops Engineer,100,L,970000
1,PhD,FT,ML Ops Engineer,100,M,1028000
7,PhD,FT,ML Ops Engineer,0,M,1676000
5,Master's,FT,ML Ops Engineer,0,M,1225000
8,PhD,FT,Data Architect,0,S,2328000
10,Bachelor's,FT,Analytics Engineer,100,M,1554000
4,Master's,FT,Machine Learning Engineer,50,M,1420000
5,Bachelor's,FL,Data Architect,100,S,697000
1,Master's,FT,ML Ops Engineer,100,L,986000
10,Master's,FT,Data Architect,0,M,2238000
1,Bachelor's,PT,Research Scientist,50,L,555000
18,Bachelor's,FT,Statistician,0,M,1164000
12,Master's,FT,Data Scientist,0,S,1757000
3,Master's,FT,Data Scientist,0,L,1014000
17,High School,FT,Research Scientist,0,L,1473000
2,Master's,FT,Data Architect,0,M,1089000
2,Bachelor's,FT,Data Analyst,0,M,616000
1,Bachelor's,FT,Data Scientist,0,M,632000
7,Master's,FT,Statistician,100,M,968000
3,Bachelor's,FT,Machine Learning Engineer,0,M,1092000
12,Bachelor's,FT,Data Scientist,100,M,1292000
0,Master's,FT,Research Scientist,100,M,852000
3,PhD,FT,Research Scientist,0,S,1071000
11,Bachelor's,FT,BI Analyst,100,M,1123000
11,Master's,FT,Statistician,100,M,1327000
3,PhD,FT,Data Scientist,0,M,1112000
3,Bachelor's,PT,Data Scientist,100,M,490000
4,High School,FT,Analytics Engineer,50,L,920000
9,Master's,FT,Data Architect,100,L,2437000
9,Bachelor's,FT,Data Architect,100,M,1419000
1,Master's,FT,BI Analyst,0,M,541000
2,Master's,FT,Machine Learning Engineer,0,L,1280000
7,Bachelor's,FT,Statistician,0,S,979000
8,Bachelor's,FT,ML Ops Engineer,50,M,1403000
4,Bachelor's,FT,Data Engineer,50,S,807000
19,Bachelor's,FT,Research Scientist,50,M,1805000
2,Bachelor's,CT,Machine Learning Engineer,100,L,1020000
1,Bachelor's,FT,Data Engineer,100,M,760000
0,Bachelor's,FT,Machine Learning Engineer,0,M,641000
1,Bachelor's,FT,Statistician,0,S,565000
4,PhD,FT,Data Architect,100,M,2228000
4,PhD,FT,ML Ops Engineer,0,M,1479000
7,PhD,PT,BI Analyst,100,L,703000
2,Bachelor's,FT,Machine Learning Engineer,100,S,673000
4,Master's,FT,Data Engineer,100,M,1179000
2,Master's,FT,Data Engineer,0,M,1014000
15,Bachelor's,PT,Data Architect,0,M,1018000
4,Master's,FT,Data Architect,0,M,1244000
0,Bachelor's,FT,Data Analyst,100,M,424000
9,Master's,FT,Data Engineer,0,L,1556000
1,PhD,CT,Data Engineer,50,M,907000
5,Master's,FT,Analytics Engineer,100,S,821000
6,Bachelor's,FT,Data Scientist,100,M,1161000
8,Master's,FT,Data Scientist,100,S,1269000
12,Bachelor's,FT,Machine Learning Engineer,0,M,1613000
1,Master's,FT,Data Scientist,0,M,777000
1,Bachelor's,FT,Data Engineer,100,M,700000
8,Bachelor's,FT,Data Scientist,0,L,1616000
0,Master's,FT,Statistician,0,M,645000
10,Bachelor's,FT,Analytics Engineer,100,S,1170000
4,PhD,FT,Data Analyst,0,L,1331000
9,Master's,FT,Research Scientist,0,S,1508000
7,Master's,FT,ML Ops Engineer,100,L,1812000
10,Bachelor's,FT,ML Ops Engineer,100,L,1641000
13,Bachelor's,FT,Machine Learning Engineer,50,S,1647000
9,Bachelor's,FT,BI Analyst,100,S,935000
3,Bachelor's,FT,Data Scientist,50,M,816000
25,Bachelor's,FT,Research Scientist,100,L,2386000
0,PhD,FT,BI Analyst,0,L,551000
0,Master's,CT,Machine Learning Engineer,100,L,775000
1,PhD,PT,Research Scientist,0,M,689000
1,Bachelor's,FT,Research Scientist,0,M,965000
0,Bachelor's,FT,Analytics Engineer,0,L,618000
3,Bachelor's,FT,Data Architect,50,S,979000
2,Bachelor's,FT,Machine Learning Engineer,0,S,907000
1,Bachelor's,FT,Data Engineer,100,L,932000
7,Master's,FT,Data Scientist,0,L,1290000
2,Bachelor's,FT,Data Architect,100,S,1003000
10,Bachelor's,FT,Statistician,0,M,1297000
3,Bachelor's,FT,Data Architect,0,L,1144000
1,High School,FT,Machine Learning Engineer,50,M,632000
1,Master's,FT,BI Analyst,100,L,713000
13,Bachelor's,CT,Statistician,0,M,917000
12,Master's,FT,Data Architect,0,S,1751000
0,Master's,FT,Statistician,0,M,540000
2,Bachelor's,FT,Analytics Engineer,100,M,760000
5,Bachelor's,FT,Data Engineer,100,M,1077000
1,Master's,FT,BI Analyst,100,M,735000
0,Bachelor's,PT,BI Analyst,0,S,200000
0,Master's,FT,Data Engineer,0,M,772000
0,Master's,FT,Data Scientist,100,M,765000
2,Bachelor's,FT,ML Ops Engineer,0,M,904000
0,PhD,FT,Data Analyst,0,S,500000
15,Master's,FT,Data Scientist,0,M,1918000
10,Bachelor's,FT,BI Analyst,0,L,1317000
11,Master's,FT,Research Scientist,50,S,1734000
17,Master's,FT,Statistician,0,M,1619000
9,Bachelor's,FT,Data Analyst,0,S,950000
3,Bachelor's,FT,Research Scientist,100,M,1106000
7,Bachelor's,FT,Data Scientist,100,S,924000
0,High School,FT,Machine Learning Engineer,0,L,629000
12,Bachelor's,FT,Data Analyst,100,M,937000
2,Bachelor's,FT,BI Analyst,0,M,661000
5,Master's,FT,Data Analyst,100,S,983000
6,High School,FT,Machine Learning Engineer,100,L,1109000
1,Master's,FT,Research Scientist,100,M,981000
11,Master's,FT,Statistician,100,M,1695000
9,Master's,FT,ML Ops Engineer,0,M,1355000
0,Bachelor's,FT,Analytics Engineer,50,M,585000
1,PhD,FT,Data Engineer,100,S,868000
1,Master's,FT,Data Scientist,0,L,989000
4,Master's,FT,Data Engineer,0,L,1580000
2,Bachelor's,FT,ML Ops Engineer,100,M,976000
0,PhD,FT,Data Architect,100,M,930000
10,Bachelor's,FT,Data Analyst,50,M,1037000
12,High School,FT,Machine Learning Engineer,100,M,1237000
14,Master's,FT,Data Architect,100,M,1729000
4,Master's,FT,Statistician,0,S,840000
17,Master's,FT,ML Ops Engineer,100,L,2856000
2,Bachelor's,FT,Statistician,0,M,796000
2,Bachelor's,FT,Data Analyst,100,M,731000
1,High School,FT,Machine Learning Engineer,0,S,462000
2,Bachelor's,FT,Data Scientist,0,S,643000
0,Master's,FT,Research Scientist,100,M,858000
1,Bachelor's,FL,Research Scientist,100,S,529000
4,Master's,FT,Data Engineer,100,L,1546000
16,Master's,FT,Machine Learning Engineer,50,S,1479000
4,Master's,FT,Research Scientist,100,L,1610000
0,Master's,FT,Data Architect,0,S,707000
5,PhD,FT,Data Architect,100,M,1794000
3,Master's,FT,Data Engineer,0,M,1086000
4,Bachelor's,FT,Statistician,100,S,806000
1,Master's,FT,Machine Learning Engineer,0,M,1034000
8,Master's,FT,Research Scientist,0,L,1580000
1,Bachelor's,FT,Research Scientist,100,L,1015000
14,Bachelor's,FT,BI Analyst,100,L,1117000
6,Master's,FT,ML Ops Engineer,100,L,1549000
1,Bachelor's,FT,Machine Learning Engineer,0,L,893000
10,Bachelor's,FT,Analytics Engineer,0,S,1002000
1,Bachelor's,FT,Machine Learning Engineer,100,S,910000
10,Master's,FT,Analytics Engineer,50,L,1965000
6,Master's,FT,Analytics Engineer,0,S,1268000
4,Bachelor's,FT,Data Engineer,0,S,945000
22,Bachelor's,FT,Statistician,0,S,1433000
6,Bachelor's,FT,Analytics Engineer,0,M,1270000
3,Bachelor's,FT,Machine Learning Engineer,100,L,1371000
15,Bachelor's,FT,Statistician,0,L,1586000
5,Bachelor's,FT,Machine Learning Engineer,100,M,992000
12,Bachelor's,FT,Machine Learning Engineer,50,S,1608000
9,Bachelor's,CT,Data Scientist,0,S,795000
0,Master's,FT,Analytics Engineer,100,M,710000
3,Bachelor's,FT,BI Analyst,50,M,663000
1,Bachelor's,FT,ML Ops Engineer,0,M,677000
3,Master's,FT,Data Scientist,0,S,1025000
8,Master's,FT,Data Architect,100,M,1791000
0,Bachelor's,FT,ML Ops Engineer,100,M,739000
0,Master's,FT,BI Analyst,0,S,416000
0,High School,FT,Data Architect,0,M,586000
0,Bachelor's,FT,BI Analyst,100,L,520000
3,Master's,FT,Statistician,0,L,1070000
4,Master's,CT,Data Analyst,0,M,867000
2,Bachelor's,FT,Data Scientist,100,M,681000
13,Bachelor's,FT,Machine Learning Engineer,50,M,1823000
2,Master's,FT,Data Analyst,0,L,901000
6,Master's,FT,Research Scientist,100,M,1446000
4,Bachelor's,FT,Data Analyst,0,M,695000
14,Bachelor's,FT,Analytics Engineer,100,M,1283000
9,Bachelor's,FT,BI Analyst,0,S,658000
4,PhD,FT,Data Scientist,50,M,1098000
1,Master's,FT,Data Architect,50,M,1191000
0,Bachelor's,FT,Analytics Engineer,0,L,594000
5,High School,FT,Machine Learning Engineer,100,L,1072000
2,Master's,FT,Analytics Engineer,100,S,823000
11,Bachelor's,FT,Statistician,100,M,1211000
5,Master's,FT,Data Engineer,50,M,1397000
3,Master's,FT,Analytics Engineer,0,M,1134000
0,Bachelor's,FT,Machine Learning Engineer,100,M,753000
0,Bachelor's,FT,Analytics Engineer,100,M,498000
2,Bachelor's,FT,Analytics Engineer,0,M,740000
4,Bachelor's,FT,BI Analyst,0,M,790000
5,PhD,FT,Analytics Engineer,0,M,1611000
6,Master's,FT,Research Scientist,0,L,1782000
2,Bachelor's,FT,Data Scientist,100,M,823000
0,High School,FT,ML Ops Engineer,0,M,430000
4,Bachelor's,FT,Machine Learning Engineer,0,S,960000
3,Master's,FT,ML Ops Engineer,100,S,1152000
2,High School,FT,BI Analyst,0,M,482000
8,Master's,FT,Data Engineer,0,M,1403000
13,Bachelor's,FT,BI Analyst,0,S,894000
8,Master's,FT,Data Architect,0,S,1547000
1,Bachelor's,FT,ML Ops Engineer,100,L,934000
4,Bachelor's,FT,BI Analyst,0,M,789000
0,Bachelor's,FT,Data Scientist,0,L,729000
4,Bachelor's,FT,ML Ops Engineer,100,L,1393000
14,Master's,FT,Data Architect,0,S,1324000
5,Bachelor's,FT,BI Analyst,0,L,889000
2,Bachelor's,FT,Data Architect,0,L,1280000
0,Master's,FT,BI Analyst,50,L,606000
0,Master's,FT,Analytics Engineer,0,S,523000
1,Bachelor's,FT,ML Ops Engineer,100,M,726000
28,High School,FT,Machine Learning Engineer,100,M,1435000
0,Bachelor's,FT,Data Architect,0,S,579000
0,Bachelor's,FT,Data Engineer,100,M,594000
1,Bachelor's,FT,ML Ops Engineer,100,M,667000
7,Master's,FT,BI Analyst,100,M,1163000
2,Master's,FT,Statistician,100,S,653000
5,Bachelor's,FT,ML Ops Engineer,0,M,1310000
2,Bachelor's,PT,Data Analyst,50,M,309000
2,Master's,FT,Analytics Engineer,0,M,858000
4,Bachelor's,FT,ML Ops Engineer,0,M,1042000
1,PhD,FT,Statistician,100,S,868000
6,Master's,FT,Research Scientist,50,M,1427000
3,Master's,FT,Machine Learning Engineer,0,L,1777000
5,PhD,CT,Data Architect,0,L,2261000
1,Bachelor's,FT,Data Scientist,100,M,608000
11,Bachelor's,FT,Machine Learning Engineer,50,L,2101000
6,Bachelor's,FT,Machine Learning Engineer,0,M,1265000
13,Master's,FT,Data Architect,100,S,1822000
3,Bachelor's,FT,Research Scientist,100,L,1257000
0,Bachelor's,FT,Data Architect,0,M,680000
3,Master's,FT,BI Analyst,100,M,845000
0,Bachelor's,FT,Machine Learning Engineer,100,M,680000
3,Master's,FT,Data Architect,0,S,990000
11,Bachelor's,FT,Data Scientist,50,L,1790000
11,Bachelor's,FT,BI Analyst,100,L,1136000
5,Bachelor's,FT,Analytics Engineer,50,L,997000
9,Bachelor's,FT,ML Ops Engineer,0,L,1804000
3,Master's,FT,Data Engineer,0,L,1271000
5,Bachelor's,FT,Research Scientist,100,M,1202000
1,Bachelor's,FT,Statistician,100,S,549000
12,Master's,FT,Machine Learning Engineer,0,S,1613000
2,PhD,FL,Research Scientist,100,M,943000
15,Bachelor's,FT,Machine Learning Engineer,0,L,2341000
2,Bachelor's,FT,ML Ops Engineer,100,M,905000
0,Master's,FT,Statistician,100,M,638000
1,Bachelor's,FT,Research Scientist,0,M,825000
4,Master's,FT,BI Analyst,0,L,918000
6,Master's,FT,Statistician,0,M,1316000
11,Master's,FT,Analytics Engineer,50,M,1452000
2,Master's,FT,Machine Learning Engineer,50,M,1377000
18,Bachelor's,FT,Statistician,100,L,1553000
0,Bachelor's,PT,Statistician,50,L,329000
1,Master's,FT,Data Analyst,100,L,666000
0,Master's,FT,Machine Learning Engineer,50,M,772000
1,Bachelor's,PT,BI Analyst,0,M,324000
1,Bachelor's,FT,Machine Learning Engineer,0,M,1017000
8,Bachelor's,FT,Research Scientist,100,M,1230000
15,Master's,FT,Analytics Engineer,0,L,2083000
7,Bachelor's,FT,Statistician,0,M,916000
19,Master's,FT,Machine Learning Engineer,0,L,2716000
5,Bachelor's,FT,Analytics Engineer,0,M,1171000
2,Master's,FT,Research Scientist,100,M,1272000
5,Bachelor's,FT,Data Architect,50,M,1281000
0,Bachelor's,FT,Machine Learning Engineer,50,L,810000
10,Bachelor's,FL,Data Engineer,50,M,1102000
9,Bachelor's,FT,Research Scientist,100,L,1887000
5,Bachelor's,FT,Data Analyst,0,S,854000
13,Bachelor's,FT,Machine Learning Engineer,0,L,2036000
0,Bachelor's,FT,Research Scientist,50,M,471000
0,Master's,FT,Machine Learning Engineer,100,L,1023000
4,Master's,FT,Statistician,0,L,829000
10,High School,FT,Statistician,100,M,1020000
1,Bachelor's,FT,BI Analyst,0,L,611000
4,Master's,FT,Statistician,0,M,974000
1,Bachelor's,PT,Data Analyst,50,L,318000
28,PhD,CT,BI Analyst,50,L,1994000
4,PhD,FT,Research Scientist,100,L,1703000
4,Bachelor's,FL,ML Ops Engineer,0,M,575000
5,Bachelor's,FT,Research Scientist,100,L,1533000
5,Master's,PT,Research Scientist,100,M,868000
4,Bachelor's,FT,Statistician,0,M,885000
3,Master's,FT,Research Scientist,100,S,1065000
10,Master's,FT,Research Scientist,100,S,1353000
1,Master's,FT,Research Scientist,100,L,1083000
13,PhD,FT,Machine Learning Engineer,100,L,2153000
6,Master's,FT,Data Analyst,0,M,1176000
7,Bachelor's,FT,Data Engineer,0,M,1360000
6,Master's,FT,Data Analyst,0,M,1120000
4,PhD,FT,Analytics Engineer,50,L,1241000
15,Bachelor's,FT,Data Engineer,100,M,1308000
2,Master's,FT,Statistician,100,L,1073000
3,Bachelor's,FT,BI Analyst,100,M,672000
2,Master's,FT,Data Scientist,0,L,1038000
2,Bachelor's,FT,Data Engineer,0,M,875000
2,Bachelor's,FT,ML Ops Engineer,100,S,700000
7,Bachelor's,FT,Statistician,0,M,1042000
7,Master's,FT,BI Analyst,100,M,1022000
6,Master's,FT,ML Ops Engineer,0,M,1453000
4,High School,FT,Data Engineer,0,M,771000
9,Bachelor's,FT,Data Scientist,100,M,1408000
1,Bachelor's,FT,ML Ops Engineer,0,S,667000
7,Bachelor's,FT,Research Scientist,100,M,1457000
14,Master's,FT,Data Analyst,0,M,1441000
0,Master's,FT,Statistician,0,M,454000
18,Master's,FT,Research Scientist,0,M,2495000
1,Master's,FT,Statistician,100,S,497000
1,Bachelor's,FT,BI Analyst,0,S,447000
1,High School,PT,Data Analyst,0,L,249000
1,Master's,FT,Data Architect,50,L,1185000
4,Master's,FT,Statistician,100,S,955000
6,Master's,FT,ML Ops Engineer,100,M,1675000
10,High School,FT,Analytics Engineer,0,L,1163000
3,Bachelor's,FT,Research Scientist,0,M,953000
8,Master's,FT,Machine Learning Engineer,0,S,1607000
1,Master's,FT,Data Architect,0,S,982000
4,Master's,FT,BI Analyst,100,S,753000
0,Bachelor's,FT,Statistician,0,L,576000
7,Bachelor's,FT,Data Scientist,50,S,1219000
3,Bachelor's,FT,Data Engineer,0,M,692000
0,Master's,FT,BI Analyst,0,M,509000
23,Bachelor's,FT,Data Architect,100,M,1819000
5,Bachelor's,FT,Data Scientist,50,M,950000
5,Bachelor's,FT,BI Analyst,0,S,822000
9,Bachelor's,FT,Analytics Engineer,50,L,1476000
0,Bachelor's,FT,BI Analyst,0,S,378000
4,PhD,FT,BI Analyst,0,S,843000
0,Bachelor's,FT,ML Ops Engineer,50,M,561000
2,Bachelor's,CT,Data Scientist,0,L,993000
9,Bachelor's,FT,BI Analyst,100,M,1182000
9,Master's,FT,Research Scientist,100,M,1900000
4,Master's,FT,Analytics Engineer,0,L,1478000
6,Master's,FT,Data Engineer,0,S,1404000
6,High School,FT,Data Architect,0,M,1066000
2,Bachelor's,FT,Data Engineer,0,M,760000
3,Master's,CT,BI Analyst,0,M,753000
1,Bachelor's,FT,Analytics Engineer,100,M,732000
5,Bachelor's,FT,Data Architect,0,M,1229000
10,Bachelor's,FT,Research Scientist,0,S,1072000
1,Bachelor's,PT,Machine Learning Engineer,100,S,449000
4,Bachelor's,FT,Data Engineer,0,L,1307000
3,Master's,FT,ML Ops Engineer,100,S,934000
0,Master's,FT,Analytics Engineer,0,M,668000
2,Bachelor's,FT,Machine Learning Engineer,0,M,877000
0,Bachelor's,FT,Machine Learning Engineer,100,M,673000
20,Master's,FT,Data Engineer,100,S,1799000
1,Bachelor's,FT,ML Ops Engineer,0,M,703000
8,Bachelor's,FT,Data Scientist,100,S,1045000
5,Master's,FT,Data Analyst,100,M,956000
2,Bachelor's,FT,Statistician,100,S,502000
1,Bachelor's,FT,Data Analyst,0,S,517000
6,Bachelor's,FT,Analytics Engineer,100,M,1220000
6,Bachelor's,FT,Machine Learning Engineer,0,S,1128000
16,Bachelor's,FT,Analytics Engineer,100,L,1097000
1,Master's,FT,Research Scientist,0,M,889000
0,Bachelor's,FT,Data Architect,100,M,834000
1,Bachelor's,FT,BI Analyst,0,L,500000
0,Bachelor's,FT,Machine Learning Engineer,100,S,580000
19,Master's,FT,Data Scientist,100,S,1483000
4,PhD,FT,Analytics Engineer,0,M,1368000
0,Bachelor's,FT,Data Engineer,0,M,440000
2,Bachelor's,FT,ML Ops Engineer,100,M,941000
1,Bachelor's,FT,Research Scientist,0,L,877000
0,Bachelor's,FT,Analytics Engineer,0,M,625000
4,Bachelor's,FT,Statistician,100,S,869000
0,Master's,FT,Research Scientist,0,M,856000
6,Bachelor's,FT,BI Analyst,0,M,929000
14,Master's,FT,Machine Learning Engineer,0,L,2626000
28,Bachelor's,FT,Analytics Engineer,0,M,1380000
6,Bachelor's,FT,BI Analyst,100,M,1087000
8,Master's,FT,Analytics Engineer,0,M,1387000
1,Bachelor's,FT,Data Analyst,100,M,379000
9,Master's,FT,Analytics Engineer,0,S,1403000
11,Master's,FT,Statistician,0,M,985000
4,Master's,FT,ML Ops Engineer,0,S,1138000
2,Master's,FT,BI Analyst,0,M,662000
6,Bachelor's,FT,Analytics Engineer,0,S,752000
1,Bachelor's,FT,Data Scientist,0,S,502000
0,Master's,FT,Machine Learning Engineer,0,S,672000
6,Bachelor's,FT,Research Scientist,100,M,1477000
3,Bachelor's,CT,Machine Learning Engineer,100,M,885000
2,Bachelor's,FT,Data Scientist,100,M,724000
8,PhD,FT,Analytics Engineer,0,S,1022000
4,Bachelor's,FT,Machine Learning Engineer,100,M,1391000
5,Master's,FT,Machine Learning Engineer,50,M,1689000
8,Bachelor's,FL,Data Architect,0,M,1114000
17,Master's,FT,ML Ops Engineer,0,M,2037000
5,Master's,FT,Research Scientist,100,M,1526000
9,Bachelor's,FT,Data Engineer,100,L,1832000
28,Bachelor's,FT,Machine Learning Engineer,0,M,2313000
0,Bachelor's,FT,Research Scientist,100,L,734000
1,Master's,FT,BI Analyst,50,M,705000
2,Bachelor's,FT,ML Ops Engineer,100,M,671000
0,Bachelor's,FT,ML Ops Engineer,0,L,553000
12,PhD,FT,Data Architect,50,M,2711000
0,Bachelor's,FT,Statistician,0,M,564000
5,PhD,FT,BI Analyst,100,L,1119000
11,Bachelor's,FT,Data Scientist,100,M,1393000
4,Master's,FT,Research Scientist,0,S,1174000
6,Bachelor's,FT,Statistician,100,M,852000
2,Bachelor's,FT,Research Scientist,50,M,970000
2,PhD,FT,Analytics Engineer,0,L,1444000
8,Bachelor's,FT,Research Scientist,0,M,1519000
0,Bachelor's,FT,Data Scientist,50,S,562000
5,Master's,FT,Statistician,0,M,1176000
1,Master's,FT,Statistician,100,S,707000
0,Bachelor's,FT,BI Analyst,100,M,462000
8,Master's,FT,Machine Learning Engineer,50,M,1536000
10,PhD,FT,BI Analyst,100,L,1852000
0,Bachelor's,FT,Statistician,0,L,555000
2,Master's,FT,Analytics Engineer,0,M,872000
0,Bachelor's,FT,Data Scientist,100,M,570000
9,Master's,FT,Analytics Engineer,100,L,1746000
3,Bachelor's,FT,Data Architect,0,M,1084000
0,Bachelor's,FT,ML Ops Engineer,0,L,880000
1,Bachelor's,FT,ML Ops Engineer,100,L,998000
15,Bachelor's,FT,Research Scientist,100,M,1985000
0,High School,FT,Research Scientist,50,S,416000
4,High School,FT,BI Analyst,50,M,484000
5,PhD,FT,Data Architect,0,L,2197000
0,Bachelor's,FT,Machine Learning Engineer,100,M,671000
1,Bachelor's,FT,Data Architect,0,L,1135000
6,Bachelor's,FT,Machine Learning Engineer,100,M,1304000
1,Master's,FT,Data Analyst,0,L,569000
8,Master's,FT,Data Architect,0,L,1399000
3,Master's,FT,Data Architect,0,M,1144000
3,Master's,FT,Data Analyst,0,M,832000
16,Master's,FT,Data Architect,100,M,2095000
9,Bachelor's,FT,Statistician,100,S,953000
1,Bachelor's,FT,ML Ops Engineer,0,M,761000
2,Bachelor's,FT,Data Architect,50,M,1030000
6,Bachelor's,FT,Analytics Engineer,0,M,1139000
3,Master's,FT,Data Analyst,0,L,1164000
2,Bachelor's,FT,ML Ops Engineer,50,L,950000
3,Bachelor's,FT,Data Engineer,0,M,868000
21,Master's,PT,BI Analyst,0,L,892000
1,Bachelor's,FT,Data Engineer,100,L,906000
4,Bachelor's,FL,Analytics Engineer,0,M,647000
9,Bachelor's,CT,Data Analyst,100,S,735000
2,Bachelor's,FL,Data Scientist,0,M,591000
8,Bachelor's,FT,Statistician,100,M,1162000
4,Bachelor's,FT,Research Scientist,100,M,1214000
4,Master's,FT,Data Analyst,100,M,915000
0,Master's,PT,Machine Learning Engineer,100,S,325000
1,Bachelor's,FT,Data Scientist,0,M,796000
3,Master's,FT,Data Engineer,0,L,1317000
0,Master's,FT,Machine Learning Engineer,0,L,881000
0,PhD,FT,Statistician,0,M,532000
0,Master's,FL,BI Analyst,100,M,364000
3,Master's,FT,Data Engineer,100,M,1207000
9,Bachelor's,FT,Machine Learning Engineer,50,M,2030000
6,Bachelor's,FT,Data Engineer,0,M,1434000
2,Bachelor's,FT,Machine Learning Engineer,100,M,1168000
5,Master's,FT,Data Engineer,50,S,1196000
3,Bachelor's,FT,Machine Learning Engineer,0,M,884000
0,Bachelor's,FT,Research Scientist,100,S,521000
5,Bachelor's,FT,ML Ops Engineer,100,S,1077000
1,Bachelor's,FT,Data Engineer,50,M,733000
1,Master's,FT,Data Architect,100,M,1113000
3,Bachelor's,FT,ML Ops Engineer,50,S,874000
23,Master's,FT,ML Ops Engineer,0,M,2303000
7,Bachelor's,FL,Data Scientist,0,M,684000
0,Bachelor's,FT,Data Scientist,0,L,597000
3,Master's,CT,Statistician,100,M,811000
2,Bachelor's,FT,Machine Learning Engineer,100,L,1479000
4,High School,FT,Data Analyst,100,S,489000
0,Bachelor's,FT,Data Analyst,0,S,378000
12,Master's,FT,Data Engineer,100,M,1879000
5,Bachelor's,FT,ML Ops Engineer,0,M,1151000
0,Master's,FT,Analytics Engineer,0,S,486000
8,Master's,FT,Analytics Engineer,100,M,1604000
0,Bachelor's,FT,ML Ops Engineer,100,L,749000
7,Bachelor's,FT,Research Scientist,100,L,1610000
2,PhD,FT,Analytics Engineer,50,M,969000
3,Master's,FT,BI Analyst,50,M,861000
0,Bachelor's,FT,Statistician,100,S,490000
0,Bachelor's,FT,Data Scientist,50,M,450000
0,Master's,FT,Data Analyst,0,S,458000
11,Bachelor's,FT,Research Scientist,100,S,1531000
6,Master's,FT,Data Architect,100,S,1231000
3,Master's,FT,BI Analyst,100,M,756000
4,Master's,FT,Research Scientist,100,M,1366000
5,Bachelor's,FT,Data Engineer,100,M,1015000
0,Bachelor's,FT,Statistician,100,M,683000
1,Master's,FT,BI Analyst,50,L,762000
28,Bachelor's,FT,Data Scientist,0,M,1531000
5,Bachelor's,FT,Data Analyst,0,M,811000
6,Bachelor's,FT,Data Engineer,50,S,1339000
3,Bachelor's,CT,Analytics Engineer,100,S,768000
4,Bachelor's,FT,BI Analyst,100,M,767000
1,Master's,FT,Statistician,100,M,925000
4,PhD,FT,Machine Learning Engineer,100,S,1660000
14,Master's,FT,Research Scientist,0,M,1901000
1,Bachelor's,FT,BI Analyst,0,S,360000
0,Bachelor's,FT,Data Analyst,100,M,529000
2,Bachelor's,FT,Data Engineer,100,L,858000
2,Master's,FT,Research Scientist,0,S,1096000
2,Bachelor's,FT,BI Analyst,100,L,746000
12,Master's,FT,BI Analyst,100,M,1353000
6,Master's,PT,Statistician,100,M,674000
0,Master's,FT,Statistician,0,M,549000
0,Bachelor's,FT,Data Architect,100,L,907000
2,Master's,FT,BI Analyst,100,L,846000
0,High School,FT,Data Architect,100,L,598000
7,Bachelor's,FT,Analytics Engineer,100,M,1305000
2,Bachelor's,FT,Research Scientist,50,M,929000
2,Bachelor's,FT,BI Analyst,100,S,427000
1,Bachelor's,FT,BI Analyst,0,M,608000
1,Master's,FT,ML Ops Engineer,0,M,1077000
10,Master's,FT,ML Ops Engineer,100,M,1903000
0,Master's,FT,Statistician,0,M,554000
15,Bachelor's,FT,Statistician,100,M,1285000
6,Bachelor's,FT,Data Engineer,0,M,946000
1,Bachelor's,FT,Data Analyst,100,S,468000
2,Master's,FT,Research Scientist,0,M,1025000
6,Master's,FT,Data Analyst,0,S,840000
1,PhD,FT,Machine Learning Engineer,0,M,1246000
0,Master's,FT,Data Architect,0,M,757000
2,PhD,FT,Data Analyst,100,M,789000
5,Master's,FT,Research Scientist,100,M,1411000
1,Bachelor's,FT,Research Scientist,0,M,810000
4,PhD,FT,Statistician,100,M,1217000
2,Bachelor's,FT,Data Scientist,0,L,967000
1,Bachelor's,FL,Statistician,100,M,440000
4,Master's,FT,Analytics Engineer,100,M,1118000
3,Bachelor's,FT,Data Scientist,100,L,866000
0,Bachelor's,FT,BI Analyst,100,L,642000
6,Bachelor's,FT,ML Ops Engineer,0,L,1388000
2,Master's,PT,ML Ops Engineer,0,L,604000
28,Master's,PT,Data Analyst,100,L,1126000
0,Master's,FT,Machine Learning Engineer,50,L,1137000
2,PhD,FT,ML Ops Engineer,50,L,1507000
8,Bachelor's,FT,ML Ops Engineer,100,M,1308000
9,PhD,FT,Data Engineer,0,M,1971000
4,Bachelor's,FT,Data Scientist,0,M,1046000
5,Master's,FT,BI Analyst,0,S,828000
2,Bachelor's,FT,Machine Learning Engineer,50,M,817000
5,PhD,FT,Data Engineer,50,M,1408000
1,Bachelor's,FT,Statistician,0,M,589000
2,Master's,FT,Data Engineer,0,M,1158000
6,Bachelor's,FT,BI Analyst,0,L,896000
1,Bachelor's,FT,BI Analyst,0,M,530000
0,Master's,PT,ML Ops Engineer,50,M,402000
20,Master's,FT,Data Scientist,100,M,1688000
8,Master's,FT,Research Scientist,0,S,1450000
9,Bachelor's,FT,Analytics Engineer,0,S,1089000
16,Bachelor's,FT,Research Scientist,0,M,1707000
5,Bachelor's,FT,Analytics Engineer,0,M,1066000
7,Bachelor's,FT,Data Architect,100,L,2156000
5,PhD,FT,ML Ops Engineer,0,L,1567000
7,Master's,FT,ML Ops Engineer,0,L,1597000
2,Master's,FT,Research Scientist,100,S,1003000
2,Bachelor's,FT,Research Scientist,100,M,1051000
2,Master's,FT,Research Scientist,0,S,920000
4,Bachelor's,FT,Data Analyst,50,S,563000
1,High School,FT,BI Analyst,100,S,300000
14,Master's,FT,ML Ops Engineer,100,M,1836000
0,Master's,FT,Data Analyst,0,S,444000
4,High School,FT,Analytics Engineer,100,M,699000
0,Bachelor's,FT,Data Scientist,100,L,566000
5,Master's,FT,Data Engineer,0,S,1241000
9,PhD,FT,ML Ops Engineer,0,M,1825000
0,Master's,FT,Data Engineer,100,L,879000
13,Bachelor's,FT,ML Ops Engineer,0,S,1440000
0,PhD,FT,Research Scientist,100,M,1103000
4,Master's,FT,Research Scientist,0,M,1250000
0,Master's,FT,Data Analyst,0,L,605000
0,Bachelor's,FT,Data Analyst,100,M,388000
1,Master's,FT,Research Scientist,100,M,1010000
1,Master's,FT,ML Ops Engineer,0,L,1016000
4,Bachelor's,FT,Data Scientist,0,M,1176000
3,Master's,PT,Data Scientist,0,M,575000
4,Master's,FT,Data Architect,0,M,1443000
4,Master's,FT,Data Scientist,100,M,1344000
2,Master's,FT,Data Engineer,0,M,1035000
8,Bachelor's,FT,Statistician,100,S,945000
9,Bachelor's,FT,Statistician,100,M,1055000
0,PhD,FT,Data Architect,0,S,905000
2,Master's,FT,BI Analyst,100,M,775000
1,Bachelor's,FT,Data Architect,0,M,762000
1,Bachelor's,FT,Machine Learning Engineer,50,M,840000
10,Bachelor's,FT,Research Scientist,100,M,1711000
7,Bachelor's,CT,Data Engineer,0,L,1557000
11,Master's,FT,BI Analyst,0,M,1150000
4,Bachelor's,FT,ML Ops Engineer,100,L,1359000
0,Master's,FT,Data Analyst,0,L,477000
9,Master's,FT,Data Analyst,100,M,1282000
10,Bachelor's,FT,BI Analyst,0,M,911000
5,Master's,FT,Analytics Engineer,50,L,1413000
2,Master's,FT,Statistician,50,M,813000
2,Bachelor's,FT,Analytics Engineer,0,L,1178000
0,Master's,FT,BI Analyst,100,M,468000
4,Bachelor's,FT,Machine Learning Engineer,0,S,883000
1,Bachelor's,FT,Machine Learning Engineer,0,S,713000
2,PhD,FT,Machine Learning Engineer,100,S,1304000
6,Bachelor's,FT,Analytics Engineer,100,L,1506000
2,Bachelor's,FT,Statistician,0,S,572000
1,High School,FT,Data Architect,0,M,608000
10,PhD,FT,Analytics Engineer,100,S,1397000
0,Master's,FT,Data Architect,0,M,872000
12,Bachelor's,FT,Data Analyst,100,M,1054000
2,Bachelor's,FT,Data Scientist,0,M,828000
9,Master's,FT,Analytics Engineer,50,M,1453000
0,Bachelor's,FT,BI Analyst,0,L,519000
2,Bachelor's,FT,Data Analyst,100,M,758000
6,Master's,FT,ML Ops Engineer,0,S,1473000
0,Master's,FT,Analytics Engineer,50,L,746000
1,Bachelor's,FT,Data Architect,0,L,817000
4,Master's,FT,Statistician,100,M,820000
4,Bachelor's,PT,Data Scientist,0,M,601000
8,High School,FT,Data Analyst,0,L,813000
7,Bachelor's,FT,Analytics Engineer,100,M,1217000
7,Master's,FT,Data Engineer,0,M,1527000
0,High School,FT,Machine Learning Engineer,0,S,436000
4,Bachelor's,FT,Data Architect,100,M,1186000
9,Bachelor's,FT,Data Scientist,0,M,1565000
14,Bachelor's,PT,Data Analyst,0,S,632000
4,Bachelor's,FT,BI Analyst,0,L,773000
2,Bachelor's,FT,Data Scientist,100,M,1039000
0,Bachelor's,FT,Data Analyst,0,M,462000
1,Bachelor's,FT,Data Scientist,100,M,794000
3,Bachelor's,FT,Data Analyst,100,S,547000
2,Bachelor's,FT,Data Architect,100,M,749000
6,Bachelor's,FT,Data Architect,100,S,1101000
3,Master's,FT,Research Scientist,0,M,1419000
7,Bachelor's,FT,BI Analyst,100,M,914000
4,Master's,CT,Data Analyst,100,M,814000
16,High School,FT,Data Scientist,0,M,941000
6,High School,FT,Data Engineer,0,M,821000
8,Bachelor's,FT,Data Architect,0,M,1485000
1,Master's,FT,BI Analyst,100,M,680000
1,PhD,FT,Machine Learning Engineer,0,M,820000
6,PhD,FT,Research Scientist,100,L,1838000
0,Master's,FT,Data Engineer,0,M,683000
3,Master's,FT,Data Scientist,100,L,1309000
6,Bachelor's,CT,Data Architect,0,S,1167000
7,High School,FT,Data Analyst,0,S,663000
0,Master's,FT,Data Scientist,100,S,501000
11,Master's,PT,Data Analyst,0,M,698000
2,Bachelor's,FT,Data Engineer,0,M,738000
0,Bachelor's,FT,Machine Learning Engineer,0,S,555000
4,Master's,FT,Data Engineer,100,M,1246000
5,Master's,FT,BI Analyst,0,M,858000
3,Bachelor's,FT,Data Architect,100,M,1181000
1,Bachelor's,FT,Data Scientist,100,M,747000
7,High School,FT,Machine Learning Engineer,0,L,1131000
16,Master's,FT,Statistician,0,M,1456000
3,Bachelor's,FT,Statistician,100,M,784000
5,Master's,FT,Data Architect,100,S,1346000
4,Master's,FT,Data Scientist,0,M,1077000
0,Bachelor's,FT,Data Engineer,0,M,681000
4,Bachelor's,FT,Statistician,0,M,861000
2,Bachelor's,FT,Data Engineer,100,M,1058000
0,Bachelor's,FT,Data Scientist,0,M,674000
8,Bachelor's,FT,Statistician,100,M,1007000
9,Bachelor's,FT,BI Analyst,0,L,1146000
28,Bachelor's,FT,Data Analyst,0,L,1447000
0,Bachelor's,FT,Data Analyst,0,M,465000
0,Master's,FT,Machine Learning Engineer,0,M,783000
3,Bachelor's,FT,Data Analyst,0,S,583000
1,Bachelor's,FT,ML Ops Engineer,50,M,867000
9,Master's,CT,Machine Learning Engineer,0,S,1452000
3,Master's,FT,Machine Learning Engineer,50,S,1294000
1,Master's,FT,Statistician,0,M,724000
2,Bachelor's,FT,Analytics Engineer,0,L,822000
2,Bachelor's,FT,Data Analyst,0,L,796000
1,Bachelor's,FT,Data Analyst,0,M,459000
3,Bachelor's,FT,Statistician,100,M,775000
1,Bachelor's,FT,Research Scientist,0,M,650000
2,Master's,FT,Machine Learning Engineer,50,L,1476000
0,Master's,FT,Data Engineer,0,L,966000
1,Bachelor's,FT,BI Analyst,0,L,511000
3,Bachelor's,FT,Data Architect,100,S,1064000
0,Bachelor's,FL,BI Analyst,0,M,253000
6,Bachelor's,FT,Data Architect,0,M,1352000
1,Master's,FT,Data Scientist,100,L,1029000
21,Bachelor's,FL,Data Scientist,0,L,1110000
2,Master's,FT,ML Ops Engineer,50,L,1286000
6,Bachelor's,FT,Research Scientist,100,M,1776000
0,Master's,FT,Research Scientist,0,M,728000
1,Bachelor's,FT,BI Analyst,100,S,464000
3,Master's,FT,Data Engineer,100,M,1171000
1,PhD,FT,BI Analyst,100,M,805000
6,PhD,FT,Data Engineer,0,M,1681000
7,Bachelor's,FT,BI Analyst,0,L,1038000
5,High School,FT,Machine Learning Engineer,0,S,697000
9,Bachelor's,FT,Data Architect,100,L,1906000
0,Bachelor's,FT,Analytics Engineer,0,S,527000
3,PhD,FT,Data Engineer,0,M,1020000
3,PhD,FT,Statistician,50,M,895000
1,Master's,FT,ML Ops Engineer,0,L,1170000
4,PhD,FT,BI Analyst,0,M,865000
1,High School,FT,Machine Learning Engineer,0,M,644000
4,Bachelor's,FT,Data Architect,0,M,1123000
0,Bachelor's,FT,Data Scientist,0,M,633000
8,Bachelor's,FT,BI Analyst,100,S,755000
2,PhD,FT,Research Scientist,100,M,1174000
1,Master's,FT,Data Analyst,100,M,479000
3,Bachelor's,FT,BI Analyst,100,M,555000
6,Master's,FT,Data Scientist,0,M,1426000
15,Master's,FT,Statistician,0,M,1385000
8,Bachelor's,FT,Research Scientist,50,M,1438000
3,Bachelor's,FT,BI Analyst,100,M,668000
12,Bachelor's,FT,Data Analyst,0,L,1388000
2,Bachelor's,FT,Data Architect,0,M,1086000
10,Master's,FT,Data Architect,100,M,2098000
5,Bachelor's,FT,Machine Learning Engineer,0,L,1224000
4,PhD,FT,Research Scientist,100,L,2086000
4,Bachelor's,FT,Data Scientist,100,M,1056000
5,Bachelor's,FT,Data Engineer,0,M,1313000
2,Master's,FT,Data Scientist,50,M,936000
0,Bachelor's,FT,Machine Learning Engineer,100,S,690000
10,Bachelor's,CT,Statistician,100,M,1105000
9,PhD,PT,BI Analyst,0,L,801000
2,Master's,FT,Machine Learning Engineer,0,S,896000
3,Master's,FT,Machine Learning Engineer,0,L,1495000
2,Bachelor's,FT,ML Ops Engineer,100,M,1020000
2,Master's,FT,Machine Learning Engineer,50,M,817000
1,Bachelor's,FT,Data Architect,100,M,1006000
6,Master's,FT,Data Analyst,0,M,987000
2,Master's,FT,Data Architect,100,S,843000
2,Master's,FT,Machine Learning Engineer,0,M,1119000
10,Bachelor's,FT,Research Scientist,50,S,1240000
4,Master's,FL,Research Scientist,0,M,995000
10,Master's,FT,Data Architect,100,S,1771000
2,Bachelor's,FT,BI Analyst,100,M,619000
1,PhD,FT,Machine Learning Engineer,50,M,1309000
9,High School,FT,Machine Learning Engineer,100,L,1296000
6,Bachelor's,CT,Data Analyst,50,L,818000
7,Bachelor's,FT,Data Analyst,100,M,1082000
8,Bachelor's,FT,ML Ops Engineer,100,M,1598000
7,Master's,FT,Analytics Engineer,0,M,1187000
15,Master's,FT,Machine Learning Engineer,0,L,2256000
13,Master's,FT,Data Architect,0,M,2072000
9,Bachelor's,PT,Statistician,100,M,570000
6,PhD,FT,Analytics Engineer,100,M,1406000
2,High School,FT,BI Analyst,100,S,391000
17,PhD,PT,Statistician,100,M,1124000
7,Bachelor's,FT,Research Scientist,100,L,1574000
3,High School,FT,Data Architect,0,M,896000
3,Bachelor's,FT,Machine Learning Engineer,100,M,1202000
2,High School,FT,Analytics Engineer,100,L,702000
19,Bachelor's,FT,Data Architect,100,L,2257000
6,Bachelor's,FT,Data Engineer,0,M,1270000
9,Master's,FT,Data Architect,100,M,1576000
9,Bachelor's,FT,Data Engineer,50,M,1586000
28,Master's,FT,Data Engineer,100,M,2345000
11,Master's,FT,Data Scientist,0,L,1992000
1,Master's,CT,Statistician,0,L,852000
13,Bachelor's,FT,Statistician,0,S,1067000
2,Bachelor's,FT,Data Analyst,100,L,759000
16,Master's,FT,ML Ops Engineer,50,M,1997000
5,Bachelor's,FT,Analytics Engineer,50,M,912000
0,Master's,FT,ML Ops Engineer,50,S,719000
1,Master's,PT,Data Scientist,0,M,457000
5,Bachelor's,PT,Research Scientist,0,S,619000
9,Master's,FT,Research Scientist,0,L,2088000
4,PhD,FT,Research Scientist,0,M,1427000
5,High School,FT,Analytics Engineer,50,M,741000
1,Bachelor's,FT,Analytics Engineer,50,M,691000
3,Master's,CT,Statistician,50,L,1261000
5,Master's,CT,Data Scientist,50,L,1426000
17,Master's,FT,Data Engineer,0,L,2066000
2,Master's,FT,Analytics Engineer,0,L,1099000
13,Master's,FT,Analytics Engineer,100,M,1990000
21,Master's,FT,Data Architect,50,M,2288000
17,Master's,FT,Data Analyst,100,M,1363000
4,Bachelor's,FT,ML Ops Engineer,0,M,828000
11,Master's,FT,Data Architect,0,L,2193000
2,Master's,FT,Machine Learning Engineer,100,L,1320000
5,Master's,FT,Data Scientist,100,M,1484000
8,Master's,FT,Analytics Engineer,0,L,1656000
12,High School,FT,ML Ops Engineer,50,L,1265000
0,Bachelor's,FT,Research Scientist,100,M,697000
2,Bachelor's,FT,Data Architect,0,L,967000
0,Bachelor's,FT,Data Analyst,0,L,488000
2,Bachelor's,FT,Machine Learning Engineer,50,L,1104000
0,Bachelor's,FT,Research Scientist,0,M,526000
2,Bachelor's,FT,Data Architect,100,M,1229000
13,High School,PT,ML Ops Engineer,50,S,492000
10,Bachelor's,FT,Statistician,0,M,1045000
10,Master's,FT,Machine Learning Engineer,100,M,1821000
7,PhD,FT,BI Analyst,100,M,1358000
8,Bachelor's,FT,Data Analyst,100,M,1040000
2,Master's,FT,Data Analyst,0,M,728000
3,Master's,FT,Analytics Engineer,0,L,1359000
0,Master's,CT,Analytics Engineer,100,M,584000
4,Bachelor's,FT,Data Engineer,0,M,1143000
1,Master's,FT,Statistician,0,L,569000
2,Master's,FT,Data Analyst,100,M,785000
2,Master's,FT,Research Scientist,100,S,998000
1,Master's,FT,BI Analyst,0,S,498000
7,Bachelor's,FT,Data Scientist,0,M,1292000
2,Bachelor's,FT,BI Analyst,100,L,915000
0,Master's,FT,Data Scientist,100,S,628000
2,PhD,FT,Machine Learning Engineer,0,S,1250000
5,Bachelor's,FT,Analytics Engineer,100,L,1298000
14,Master's,FT,Data Architect,0,S,1594000
4,Master's,PT,Statistician,50,M,592000
25,Bachelor's,FT,Machine Learning Engineer,0,M,1595000
0,Master's,FT,BI Analyst,100,M,477000
1,Master's,FT,ML Ops Engineer,0,M,966000
4,Master's,PT,Data Analyst,0,L,577000
6,Master's,FT,Data Analyst,100,S,870000
2,Master's,FT,Data Scientist,0,M,1008000
4,Bachelor's,CT,Statistician,0,M,874000
4,Master's,FT,Data Engineer,0,L,1458000
4,Master's,FT,Statistician,100,M,1052000
0,Master's,FT,ML Ops Engineer,100,M,632000
16,Master's,PT,Analytics Engineer,100,M,1138000
1,Bachelor's,FT,Data Scientist,100,M,828000
5,Bachelor's,FT,Statistician,0,S,830000
13,Bachelor's,FT,BI Analyst,0,S,881000
10,Bachelor's,FT,Data Architect,100,M,1620000
15,Bachelor's,FT,Data Scientist,0,M,1396000
7,Bachelor's,FT,Data Scientist,100,L,1383000
10,PhD,FT,ML Ops Engineer,100,M,1270000
12,Bachelor's,FT,Data Analyst,100,M,1235000
5,Master's,CT,BI Analyst,100,L,999000
11,Master's,FT,Machine Learning Engineer,100,S,2014000
0,Bachelor's,FT,Data Scientist,100,L,644000
7,Bachelor's,FT,Data Analyst,50,S,813000
8,Master's,FT,Data Engineer,100,L,1810000
16,PhD,FT,ML Ops Engineer,50,S,1912000
0,Bachelor's,FT,Data Architect,0,M,690000
10,Master's,FT,ML Ops Engineer,0,L,1977000
5,Master's,FL,Data Scientist,100,L,1034000
8,Bachelor's,FT,Statistician,0,L,875000
2,Bachelor's,FT,Statistician,0,M,795000
1,Master's,FT,Machine Learning Engineer,100,M,1088000
15,Bachelor's,FT,Analytics Engineer,100,M,1750000
2,Master's,FT,Data Scientist,0,S,848000
3,Master's,FT,BI Analyst,100,M,854000
7,Bachelor's,FT,Analytics Engineer,0,L,1536000
6,Bachelor's,FT,ML Ops Engineer,0,S,888000
2,Bachelor's,FT,Data Architect,100,L,1617000
2,Master's,FT,Research Scientist,50,M,1324000
0,Master's,FT,Statistician,100,M,588000
9,Master's,FT,Data Analyst,100,M,1398000
0,Master's,FT,Machine Learning Engineer,100,L,858000
0,Bachelor's,FT,Data Architect,0,S,722000
5,Bachelor's,FT,Research Scientist,100,M,1250000
0,Bachelor's,FT,BI Analyst,0,L,652000
9,Bachelor's,FT,Machine Learning Engineer,0,L,1651000
5,Bachelor's,FT,Analytics Engineer,100,L,1432000
11,Bachelor's,PT,Data Architect,100,M,1111000
8,Bachelor's,FT,Data Engineer,100,M,1439000
0,Master's,FT,Data Analyst,100,L,575000
0,Bachelor's,FT,Research Scientist,0,M,692000
4,Bachelor's,FT,Machine Learning Engineer,100,S,982000
4,Master's,FT,Statistician,100,M,913000
20,Master's,FT,ML Ops Engineer,0,M,2200000
2,Master's,FT,ML Ops Engineer,100,S,846000
1,Master's,FT,ML Ops Engineer,100,L,1063000
3,Bachelor's,PT,Machine Learning Engineer,0,L,605000
3,Master's,FT,Data Analyst,100,M,728000
12,Bachelor's,FT,Data Engineer,0,S,1279000
3,Master's,FT,BI Analyst,0,L,979000
1,Bachelor's,FT,Data Engineer,50,M,648000
14,Bachelor's,FT,Machine Learning Engineer,0,L,1866000
8,Master's,FT,Data Engineer,0,S,1466000
6,Bachelor's,FT,Data Scientist,100,L,1549000
3,Master's,FT,ML Ops Engineer,100,S,782000
0,Master's,FT,Data Analyst,100,M,527000
0,Master's,FT,Data Scientist,0,L,954000
0,Bachelor's,FT,Research Scientist,50,L,605000
0,Master's,FT,ML Ops Engineer,50,L,867000
2,Bachelor's,FT,Data Scientist,50,M,900000
4,Master's,FT,Data Architect,0,M,1314000
1,Bachelor's,FT,BI Analyst,0,S,368000
4,Bachelor's,FT,Data Scientist,100,M,986000
3,Master's,FT,Data Analyst,50,M,658000
5,Bachelor's,FT,Data Engineer,0,S,917000
0,Bachelor's,FT,ML Ops Engineer,100,L,818000
2,Master's,PT,Research Scientist,0,M,597000
0,Master's,FT,Data Analyst,100,L,658000
5,Master's,FT,Data Analyst,0,L,1034000
8,Bachelor's,FT,Data Engineer,0,S,1039000
0,Bachelor's,FT,Data Scientist,100,M,606000
1,Bachelor's,FT,BI Analyst,100,M,545000
0,Bachelor's,FT,Data Engineer,100,M,530000
2,Master's,FT,Data Scientist,100,S,757000
14,Bachelor's,FT,Data Engineer,0,M,1751000
0,Master's,FT,Data Scientist,100,S,643000
11,Bachelor's,FT,Research Scientist,0,M,1941000
7,Bachelor's,FT,Research Scientist,0,M,1663000
3,Bachelor's,FT,ML Ops Engineer,0,L,1302000
1,Bachelor's,CT,Machine Learning Engineer,100,M,730000
16,PhD,FT,Research Scientist,0,M,2231000
0,Master's,FT,ML Ops Engineer,100,L,852000
2,Master's,FT,Research Scientist,100,L,1646000
3,Bachelor's,FT,BI Analyst,0,S,621000
13,Master's,FT,Statistician,0,S,1353000
3,Bachelor's,FT,BI Analyst,0,M,712000
11,Bachelor's,FT,Data Architect,0,S,1327000
15,Bachelor's,FT,ML Ops Engineer,0,L,1413000
1,Master's,FT,Machine Learning Engineer,100,M,1260000
4,Bachelor's,FT,Machine Learning Engineer,50,L,1205000
0,Master's,FT,Research Scientist,0,L,911000
3,Bachelor's,FT,Data Analyst,50,M,715000
0,Bachelor's,FT,Data Analyst,100,L,445000
12,Master's,FT,ML Ops Engineer,100,L,2204000
0,Bachelor's,CT,Data Architect,0,M,642000
5,Master's,FT,Analytics Engineer,0,M,1245000
2,Master's,FT,Data Scientist,50,M,1113000
1,Bachelor's,FT,Research Scientist,100,M,918000
1,Bachelor's,FT,Research Scientist,50,S,793000
13,Bachelor's,FT,Research Scientist,100,L,2372000
6,Bachelor's,FT,Research Scientist,100,M,1415000
6,Master's,FT,Statistician,100,M,1057000
6,PhD,PT,Data Engineer,50,S,710000
4,Bachelor's,FT,Machine Learning Engineer,0,M,1370000
6,Master's,FT,Data Engineer,0,S,1351000
3,Bachelor's,FT,ML Ops Engineer,50,M,870000
3,Master's,FT,Research Scientist,100,M,1426000
0,Bachelor's,FT,Data Analyst,0,L,566000
0,PhD,FT,Statistician,50,M,643000
3,Bachelor's,FT,Data Analyst,0,S,551000
13,Bachelor's,FT,Data Analyst,100,S,804000
4,Bachelor's,FT,ML Ops Engineer,0,L,1300000
2,High School,FT,Machine Learning Engineer,50,M,785000
10,Master's,CT,Research Scientist,100,S,1217000
2,Bachelor's,FT,Analytics Engineer,0,M,731000
2,PhD,FT,Analytics Engineer,0,M,1256000
4,Master's,FT,Data Analyst,100,M,831000
2,Master's,FT,Data Engineer,100,M,1053000
9,Bachelor's,FT,Data Engineer,50,S,1275000
1,Master's,FT,Analytics Engineer,0,M,825000
16,Master's,FT,Research Scientist,50,M,1901000
6,Master's,FT,Machine Learning Engineer,100,M,1840000
2,PhD,FT,ML Ops Engineer,100,L,1353000
3,Bachelor's,FT,Data Architect,0,L,1440000
1,Master's,FT,Data Analyst,0,S,479000
5,Bachelor's,FT,Analytics Engineer,0,S,1033000
0,Bachelor's,FT,Data Analyst,0,L,436000
6,Master's,FT,Data Analyst,100,L,1123000
0,PhD,FT,ML Ops Engineer,0,M,888000
1,Master's,FT,Statistician,100,S,608000
9,Bachelor's,FT,ML Ops Engineer,0,S,1181000
1,Bachelor's,FT,BI Analyst,100,M,530000
3,Master's,FT,Data Engineer,100,M,804000
3,Bachelor's,FT,Analytics Engineer,50,S,631000
5,Master's,FT,ML Ops Engineer,100,S,1084000
7,Bachelor's,FT,Statistician,100,L,1229000
6,Bachelor's,FT,Data Engineer,0,M,1193000
17,Bachelor's,CT,ML Ops Engineer,50,S,1027000
10,Bachelor's,FT,Research Scientist,0,M,1409000
6,Master's,FT,ML Ops Engineer,0,S,1220000
8,Master's,FT,Analytics Engineer,100,M,1656000
6,Master's,FT,Data Architect,100,M,1486000
4,Bachelor's,FT,Data Engineer,100,M,1147000
1,Master's,FT,Data Analyst,100,L,626000
13,Bachelor's,FT,Data Engineer,0,M,1815000
2,Master's,FT,Machine Learning Engineer,100,L,1347000
5,Bachelor's,FT,Data Engineer,50,M,1156000
7,Bachelor's,FT,Machine Learning Engineer,100,L,1861000
14,Bachelor's,FT,Data Analyst,100,M,945000
0,Master's,FT,Research Scientist,50,S,645000
3,Master's,FT,Research Scientist,100,L,1588000
2,Master's,FT,Data Analyst,50,M,651000
1,Bachelor's,CT,Machine Learning Engineer,0,M,718000
6,Bachelor's,FT,Machine Learning Engineer,0,M,1417000
6,Bachelor's,FT,Statistician,100,L,1049000
12,Bachelor's,FT,Data Analyst,0,L,1184000
0,Master's,FT,Research Scientist,0,S,567000
3,Master's,FT,Data Analyst,0,M,883000
0,Bachelor's,FT,Research Scientist,50,M,652000
0,Master's,FT,Data Scientist,100,M,572000
0,Master's,FT,BI Analyst,100,M,429000
3,Bachelor's,FT,Data Architect,0,L,1172000
3,Master's,PT,Research Scientist,0,M,773000
0,Master's,FL,Data Architect,0,S,457000
15,Bachelor's,FT,Machine Learning Engineer,100,S,1479000
1,Master's,FT,Machine Learning Engineer,50,L,1178000
9,PhD,FT,Analytics Engineer,100,L,1903000
3,High School,FT,Data Architect,50,M,795000
13,Master's,FT,Statistician,0,M,1189000
3,Master's,FT,Analytics Engineer,100,M,1037000
12,Bachelor's,FT,Research Scientist,0,L,1979000
3,Master's,FT,ML Ops Engineer,50,M,993000
0,Bachelor's,CT,Data Architect,100,M,669000
0,PhD,FT,Data Scientist,0,M,933000
6,Bachelor's,FT,Research Scientist,0,M,1389000
0,Master's,FT,BI Analyst,50,M,487000
0,High School,FT,Data Scientist,100,M,433000
1,Master's,FT,Research Scientist,0,M,972000
1,Master's,FT,Research Scientist,50,M,979000
4,Master's,CT,ML Ops Engineer,0,M,1139000
4,Bachelor's,FT,Data Engineer,50,S,1044000
8,Master's,FT,Research Scientist,0,M,1738000
4,Master's,FT,BI Analyst,0,M,866000
0,Bachelor's,FT,Analytics Engineer,0,L,632000
4,Master's,FT,Data Scientist,100,M,1504000
9,High School,FT,Research Scientist,100,L,1296000
3,Master's,PT,Data Engineer,0,M,600000
4,PhD,FT,Statistician,0,L,1325000
8,Bachelor's,FT,Machine Learning Engineer,0,L,1278000
7,Master's,FT,Research Scientist,0,L,1976000
24,Bachelor's,FT,Data Scientist,0,L,1947000
1,Master's,FT,BI Analyst,0,L,593000
1,Master's,PT,ML Ops Engineer,100,M,514000
1,Master's,CT,Research Scientist,100,S,775000
0,Master's,FT,Machine Learning Engineer,0,M,777000
7,Master's,FT,Analytics Engineer,100,L,1446000
3,Bachelor's,FT,Data Scientist,100,L,1156000
1,Bachelor's,FT,Statistician,0,L,650000
0,Bachelor's,FT,Data Architect,100,M,840000
1,Bachelor's,FT,Data Scientist,0,M,632000
8,Bachelor's,FT,BI Analyst,0,M,891000
0,Master's,FT,Data Engineer,0,L,805000
0,Bachelor's,FT,Data Engineer,50,L,733000
6,High School,FT,Data Architect,100,M,1190000
10,Master's,FT,Data Analyst,50,S,784000
1,Bachelor's,FT,Machine Learning Engineer,50,M,754000
9,Master's,CT,Statistician,0,S,1118000
0,Master's,FT,Data Engineer,50,M,680000
9,Master's,FT,Statistician,0,L,1427000
1,Master's,FT,ML Ops Engineer,0,L,1093000
8,Bachelor's,FT,Machine Learning Engineer,100,M,1656000
6,Master's,FT,Analytics Engineer,100,M,1093000
1,Master's,FT,BI Analyst,100,L,755000
1,Bachelor's,FT,ML Ops Engineer,50,M,712000
2,Bachelor's,PT,Statistician,0,M,407000
8,Bachelor's,FT,Data Analyst,100,M,1045000
14,Bachelor's,FT,Data Architect,0,L,2132000
0,PhD,FT,Data Analyst,0,M,582000
2,Bachelor's,CT,Data Scientist,100,S,605000
5,Master's,FL,Statistician,0,L,926000
6,Master's,FT,BI Analyst,100,M,1162000
15,Bachelor's,FT,Data Architect,100,M,1845000
12,Bachelor's,FT,BI Analyst,50,S,879000
7,Master's,CT,BI Analyst,50,S,756000
4,Bachelor's,CT,Data Architect,0,M,1100000
8,Bachelor's,FT,Machine Learning Engineer,100,S,1321000
15,Bachelor's,FT,Data Engineer,100,M,1793000
0,Bachelor's,FT,Data Engineer,0,M,491000
2,High School,PT,BI Analyst,100,M,268000
7,Master's,FT,ML Ops Engineer,0,M,1545000
1,Bachelor's,FT,ML Ops Engineer,0,M,716000
5,Bachelor's,FT,Data Engineer,0,M,1395000
15,PhD,FT,ML Ops Engineer,50,L,2970000
1,Master's,FT,Data Engineer,50,M,784000
3,Bachelor's,FT,BI Analyst,100,S,591000
2,Master's,FT,BI Analyst,100,S,587000
1,Bachelor's,FT,Data Engineer,0,L,701000
5,Master's,CT,Statistician,0,M,938000
6,Bachelor's,FT,Machine Learning Engineer,100,S,1106000
4,Bachelor's,FT,ML Ops Engineer,100,M,956000
2,Bachelor's,FT,Machine Learning Engineer,100,M,1183000
2,Master's,CT,Data Engineer,100,L,1021000
3,Master's,FT,BI Analyst,0,S,678000
16,Bachelor's,FT,ML Ops Engineer,100,S,1223000
0,Bachelor's,FT,Research Scientist,50,M,562000
5,Master's,FT,Machine Learning Engineer,100,L,1869000
9,Master's,FT,Analytics Engineer,0,L,1697000
0,Master's,FT,ML Ops Engineer,0,L,953000
8,High School,FT,Machine Learning Engineer,50,M,1385000
3,Bachelor's,FT,Data Architect,0,S,863000
28,Master's,FT,Machine Learning Engineer,50,L,2531000
0,Master's,FT,BI Analyst,0,L,625000
11,Bachelor's,FT,Data Engineer,0,S,1423000
6,Bachelor's,FT,Data Scientist,0,M,1220000
11,Master's,PT,Machine Learning Engineer,50,L,1306000
28,High School,FT,Data Scientist,100,L,1412000
2,PhD,FT,Data Engineer,100,S,1122000
3,Bachelor's,FT,ML Ops Engineer,100,S,852000
3,Bachelor's,FT,Analytics Engineer,0,L,1076000
5,Master's,FT,Statistician,100,L,1107000
0,Bachelor's,FT,Data Analyst,0,S,430000
18,Bachelor's,FT,Data Scientist,100,M,1558000
8,Bachelor's,FT,Data Architect,0,M,1431000
0,Master's,FT,Research Scientist,100,L,1077000
4,Bachelor's,PT,Data Engineer,100,M,670000
2,PhD,PT,Data Scientist,0,M,642000
0,Master's,FT,ML Ops Engineer,0,L,776000
0,PhD,FT,Research Scientist,50,M,876000
1,Bachelor's,FT,Analytics Engineer,0,M,822000
8,Bachelor's,CT,Machine Learning Engineer,0,M,1065000
4,Bachelor's,FT,Machine Learning Engineer,100,M,1264000
5,Master's,FT,ML Ops Engineer,50,M,1172000
3,Bachelor's,FL,Data Engineer,0,L,824000
4,Master's,FT,Research Scientist,0,L,1323000
11,Bachelor's,CT,Analytics Engineer,100,M,1052000
0,Bachelor's,FT,Analytics Engineer,0,S,534000
2,Master's,FT,Research Scientist,0,S,972000
10,Bachelor's,FT,Machine Learning Engineer,100,S,1206000
1,PhD,FT,Data Architect,0,M,1272000
15,PhD,FL,Data Scientist,0,M,1423000
1,PhD,FT,Data Scientist,100,S,879000
3,Bachelor's,FT,ML Ops Engineer,50,M,906000
8,Bachelor's,FT,BI Analyst,100,M,891000
4,Bachelor's,CT,Data Engineer,0,M,1092000
3,Bachelor's,FT,Data Engineer,50,L,813000
5,PhD,FT,Machine Learning Engineer,100,L,1780000
6,Bachelor's,FT,ML Ops Engineer,100,L,1242000
1,Bachelor's,FT,Data Analyst,0,M,622000
3,Master's,PT,Research Scientist,100,L,925000
0,Master's,FT,Machine Learning Engineer,100,M,926000
0,Master's,FT,Data Analyst,100,M,463000
1,High School,FT,BI Analyst,100,L,487000
11,Bachelor's,FT,Data Engineer,0,L,1469000
8,Bachelor's,FT,BI Analyst,50,M,972000
2,Bachelor's,FT,Data Scientist,100,L,998000
4,Bachelor's,FT,Machine Learning Engineer,100,M,989000
15,Bachelor's,FT,Data Scientist,0,M,1108000
2,Bachelor's,FT,Data Scientist,100,M,986000
2,Bachelor's,FT,Statistician,50,M,730000
1,Master's,FT,Data Analyst,0,M,665000
3,Bachelor's,FT,Analytics Engineer,100,L,1158000
3,Master's,FT,Machine Learning Engineer,0,M,1658000
11,Master's,FT,BI Analyst,0,M,1279000
0,Bachelor's,FT,Data Engineer,100,M,581000
1,Master's,FT,ML Ops Engineer,50,L,1038000
2,Master's,FT,Machine Learning Engineer,100,S,1051000
1,Bachelor's,FT,Data Architect,100,L,887000
3,Bachelor's,FT,Data Engineer,100,L,1047000
0,Master's,FT,ML Ops Engineer,0,S,642000
7,PhD,FT,Statistician,100,M,1136000
8,Bachelor's,FT,Data Engineer,50,L,1391000
1,Master's,FT,Data Engineer,100,M,1009000
8,PhD,FT,Research Scientist,50,M,1851000
6,Master's,FT,Machine Learning Engineer,100,M,1486000
2,Master's,FT,Data Engineer,100,S,1011000
5,Bachelor's,FT,Data Architect,0,S,1122000
6,Master's,FT,Research Scientist,50,M,1630000
4,Master's,FT,Analytics Engineer,0,L,1092000
4,Bachelor's,FT,Data Analyst,0,S,603000
0,Master's,FT,Data Analyst,0,S,433000
3,Bachelor's,FL,Data Engineer,0,M,706000
6,Bachelor's,FT,Statistician,50,M,1174000
5,Master's,CT,Analytics Engineer,0,L,1460000
9,Bachelor's,FT,Data Analyst,0,M,982000
7,Master's,FT,ML Ops Engineer,100,M,1794000
4,Master's,FT,Analytics Engineer,0,L,1208000
0,Bachelor's,FT,Data Analyst,100,L,511000
1,PhD,FT,Machine Learning Engineer,100,L,1357000
9,Master's,FT,ML Ops Engineer,50,M,1221000
2,Bachelor's,FT,Analytics Engineer,0,M,777000
1,Master's,FT,ML Ops Engineer,0,L,1003000
22,Bachelor's,FT,Machine Learning Engineer,0,M,2213000
2,Master's,FT,Data Analyst,100,L,737000
14,Master's,FT,Research Scientist,50,M,2634000
0,High School,FT,BI Analyst,0,S,304000
7,PhD,FT,Machine Learning Engineer,0,M,1696000
9,Master's,FT,Data Analyst,100,M,1364000
2,PhD,FT,BI Analyst,50,L,1107000
9,Bachelor's,FT,ML Ops Engineer,0,M,1306000
16,Bachelor's,FT,Data Analyst,100,S,964000
5,Bachelor's,CT,BI Analyst,0,L,581000
3,Master's,FT,Data Architect,0,L,1482000
13,Bachelor's,FT,Machine Learning Engineer,100,M,1973000
1,Bachelor's,FT,ML Ops Engineer,50,L,830000
12,Bachelor's,FT,Data Analyst,100,S,1047000
4,Bachelor's,FT,Statistician,0,M,757000
8,Master's,FT,BI Analyst,50,S,819000
0,Bachelor's,FT,Data Architect,100,M,916000
0,Master's,FT,Research Scientist,100,S,648000
13,Bachelor's,FT,BI Analyst,50,S,951000
9,Bachelor's,CT,Data Architect,100,M,1278000
19,Master's,FT,Machine Learning Engineer,0,M,1820000
0,PhD,FT,Data Architect,0,M,934000
2,Master's,FT,Data Engineer,50,M,1045000
5,Master's,FT,Analytics Engineer,0,M,1137000
18,Master's,FT,Research Scientist,100,L,2725000
0,Bachelor's,FT,Data Analyst,0,M,459000
1,Master's,FT,BI Analyst,50,S,562000
10,High School,FT,Data Scientist,100,M,1138000
0,Master's,FT,Data Architect,0,M,915000
2,Bachelor's,FT,Research Scientist,100,M,980000
10,Master's,FT,Research Scientist,100,M,1734000
9,Master's,PT,BI Analyst,100,M,710000
27,Master's,FT,ML Ops Engineer,100,M,2192000
4,Master's,FT,Statistician,100,L,1224000
14,Bachelor's,FT,Research Scientist,50,M,1762000
1,Master's,FT,Data Architect,0,M,999000
12,Bachelor's,FT,Machine Learning Engineer,0,S,1527000
1,Bachelor's,FT,Data Analyst,0,L,490000
6,High School,FT,Data Engineer,0,L,956000
5,Bachelor's,FT,Data Architect,0,M,1314000
4,Master's,FT,Analytics Engineer,0,M,1101000
0,Bachelor's,FT,Statistician,0,M,651000
2,Bachelor's,FT,Research Scientist,0,L,1009000
0,Bachelor's,FT,BI Analyst,0,M,437000
3,Bachelor's,FT,Research Scientist,100,M,1071000
2,Bachelor's,FT,Data Scientist,100,M,746000
0,Bachelor's,FT,Statistician,0,M,507000
0,Bachelor's,FT,ML Ops Engineer,100,M,751000
5,PhD,CT,ML Ops Engineer,0,S,1168000
0,Bachelor's,FT,Data Engineer,50,M,582000
5,Master's,FT,Analytics Engineer,0,M,1007000
12,Master's,PT,Data Architect,0,M,1236000
15,Master's,FL,Research Scientist,0,M,1489000
5,Master's,FT,Data Architect,100,L,1666000
14,Master's,FT,Machine Learning Engineer,0,M,2034000
11,PhD,FT,Machine Learning Engineer,100,S,1907000
0,Master's,PT,BI Analyst,0,L,336000
1,Master's,FT,Statistician,50,S,533000
1,Bachelor's,FT,BI Analyst,0,M,529000
12,Master's,FT,BI Analyst,50,M,1237000
2,PhD,FT,Machine Learning Engineer,50,L,1463000
2,Bachelor's,FT,Data Analyst,100,L,822000
0,Master's,FT,Statistician,100,M,590000
0,Master's,FT,BI Analyst,100,S,430000
3,Master's,FT,Analytics Engineer,50,M,846000
18,PhD,FT,Data Scientist,100,S,1563000
6,Bachelor's,FT,Data Engineer,0,L,1304000
13,High School,FT,BI Analyst,100,M,773000
2,Bachelor's,FT,Analytics Engineer,0,M,943000
1,Master's,FT,Statistician,0,L,855000
6,High School,FT,BI Analyst,0,M,679000
5,Bachelor's,FT,Statistician,100,L,1056000
6,Bachelor's,FT,BI Analyst,0,L,1198000
4,Bachelor's,FT,Statistician,100,S,783000
0,Master's,FT,ML Ops Engineer,100,M,880000
1,Master's,FT,Machine Learning Engineer,0,L,1151000
4,High School,FT,Analytics Engineer,100,M,651000
2,Bachelor's,FT,Research Scientist,0,M,967000
5,Bachelor's,FT,Data Engineer,0,L,1416000
0,Master's,FT,Research Scientist,100,S,650000
8,Bachelor's,FT,Data Scientist,0,M,1423000
2,Master's,FT,Statistician,0,M,892000
2,Master's,FT,Data Engineer,100,S,1044000
2,Bachelor's,FL,Data Engineer,50,M,556000
9,Master's,FT,Data Scientist,0,M,1352000
6,Bachelor's,FT,BI Analyst,0,M,728000
4,Bachelor's,FT,Data Architect,100,M,1342000
6,Bachelor's,FT,Machine Learning Engineer,50,S,1094000
5,PhD,FT,Data Engineer,50,M,1571000
1,Bachelor's,FT,Data Analyst,0,M,552000
1,Master's,FT,Data Engineer,0,S,622000
22,Bachelor's,FT,BI Analyst,100,M,1098000
5,PhD,FT,Analytics Engineer,100,M,1640000
3,Master's,FT,Research Scientist,0,M,891000
2,Bachelor's,FT,Analytics Engineer,0,L,892000
11,Master's,FT,Statistician,100,S,1219000
2,High School,FT,Data Engineer,100,S,643000
2,Bachelor's,FT,BI Analyst,100,M,634000
15,PhD,FT,Data Analyst,50,M,1780000
3,Master's,FT,BI Analyst,0,M,662000
12,Master's,FT,Data Engineer,100,L,2061000
1,Bachelor's,FT,Data Engineer,100,S,601000
3,Bachelor's,FT,Data Analyst,100,L,828000
8,Bachelor's,FT,Data Scientist,0,M,1315000
6,Bachelor's,FL,Data Scientist,100,S,756000
7,Bachelor's,FT,Data Engineer,0,M,1249000
1,Master's,PT,Statistician,100,L,407000
2,Bachelor's,FT,Machine Learning Engineer,50,L,1074000
11,Bachelor's,FT,ML Ops Engineer,100,S,1063000
3,Bachelor's,FT,Statistician,50,L,989000
0,Bachelor's,FT,Research Scientist,0,L,742000
16,Master's,FT,Data Engineer,50,S,1588000
1,Master's,FT,Data Architect,50,M,1040000
0,Bachelor's,FT,Data Engineer,0,M,719000
1,Master's,FT,Research Scientist,0,S,741000
14,High School,PT,Statistician,100,S,444000
8,Bachelor's,FT,Data Architect,100,M,1729000
13,Master's,FT,Analytics Engineer,50,L,1722000
3,Bachelor's,FT,Data Analyst,100,M,835000
5,Bachelor's,FT,ML Ops Engineer,50,S,1031000
0,Master's,FT,Analytics Engineer,100,L,935000
1,Bachelor's,FT,Data Analyst,0,M,445000
8,Master's,CT,Research Scientist,100,M,1670000
1,Master's,FT,Data Scientist,50,M,836000
2,High School,FT,Data Scientist,0,M,734000
0,Bachelor's,FT,Statistician,0,S,457000
4,Bachelor's,FT,Analytics Engineer,0,L,1361000
1,Master's,FT,Data Analyst,0,M,683000
1,Bachelor's,FT,Data Analyst,0,L,607000
28,Master's,FT,Data Scientist,0,M,2006000
9,PhD,FT,ML Ops Engineer,0,M,2407000
4,Bachelor's,CT,BI Analyst,100,M,904000
5,Master's,FT,Data Scientist,100,M,1416000
0,Bachelor's,FT,BI Analyst,0,L,507000
5,Master's,FT,Analytics Engineer,100,M,1305000
3,Bachelor's,PT,ML Ops Engineer,0,L,723000
1,PhD,FT,Statistician,100,M,805000
3,Master's,FT,Research Scientist,0,L,1640000
1,Master's,FT,BI Analyst,0,S,552000
3,Bachelor's,FT,Research Scientist,100,M,1108000
11,Master's,FT,Data Engineer,100,M,1581000
0,Bachelor's,FT,Machine Learning Engineer,0,M,661000
6,PhD,FT,Data Architect,100,M,1955000
2,Master's,FT,Machine Learning Engineer,0,S,985000
2,Bachelor's,FT,BI Analyst,100,L,724000
10,Bachelor's,FT,Data Scientist,100,L,1901000
2,Bachelor's,FT,ML Ops Engineer,50,M,748000
9,Master's,FT,Data Analyst,100,M,1195000
11,Bachelor's,FT,Data Scientist,0,M,1285000
0,Master's,FT,Statistician,50,M,407000
3,Master's,FT,Data Architect,0,L,1377000
12,Bachelor's,FT,Data Scientist,0,S,1232000
4,Bachelor's,FT,BI Analyst,50,S,626000
16,Bachelor's,FT,Analytics Engineer,0,L,1737000
1,Bachelor's,FT,Machine Learning Engineer,100,M,1043000
6,Master's,CT,Data Architect,50,L,1608000
5,Master's,FL,Data Analyst,0,S,652000
6,Master's,CT,BI Analyst,100,M,917000
0,Bachelor's,FT,Data Scientist,0,L,639000
0,Master's,FT,Analytics Engineer,50,M,626000
1,Bachelor's,FT,Research Scientist,100,S,535000
1,Bachelor's,FT,Data Engineer,100,M,709000
7,Bachelor's,FT,Data Architect,100,M,1357000
3,Bachelor's,PT,ML Ops Engineer,0,M,536000
2,Bachelor's,FT,Research Scientist,0,L,1069000
0,PhD,FT,Data Engineer,100,M,984000
1,Master's,FT,Data Scientist,0,L,925000
22,Bachelor's,FT,ML Ops Engineer,100,M,1644000
24,Bachelor's,CT,Data Architect,100,M,2370000
2,Bachelor's,FT,Research Scientist,0,M,980000
0,Bachelor's,FT,Machine Learning Engineer,100,L,996000
1,Bachelor's,FT,Data Engineer,100,S,451000
2,Master's,FT,Data Engineer,100,S,940000
5,Bachelor's,FT,Research Scientist,100,L,1533000
2,Bachelor's,FT,Analytics Engineer,0,M,744000
0,Master's,FT,Statistician,100,S,514000
1,Bachelor's,FT,Data Analyst,0,M,583000
9,Bachelor's,FT,Machine Learning Engineer,100,M,1639000
8,Bachelor's,FT,Analytics Engineer,100,M,1226000
21,Bachelor's,FT,Machine Learning Engineer,0,M,1746000
0,Master's,FT,Research Scientist,100,S,658000
3,Bachelor's,FT,Data Engineer,50,L,1136000
2,Master's,FT,Analytics Engineer,100,S,684000
4,Master's,FT,Statistician,0,M,794000
5,Master's,FT,Data Architect,100,M,1950000
4,Master's,FT,Analytics Engineer,0,L,1156000
6,Bachelor's,FT,Data Scientist,0,M,1165000
8,High School,FT,Data Analyst,100,M,848000
9,Master's,FT,Statistician,100,M,1554000
2,Bachelor's,FT,ML Ops Engineer,0,M,746000
3,Bachelor's,FT,Data Engineer,100,S,854000
3,High School,FT,BI Analyst,50,L,625000
2,Master's,FT,Data Analyst,0,L,782000
1,Bachelor's,FT,Statistician,0,L,878000
1,Bachelor's,FT,Machine Learning Engineer,50,M,790000
0,Master's,FT,Data Scientist,0,S,544000
2,Bachelor's,CT,Statistician,100,S,530000
2,Bachelor's,CT,Statistician,100,S,549000
4,Master's,FT,Research Scientist,100,L,1621000
8,Bachelor's,FT,Statistician,50,M,827000
1,Master's,PT,BI Analyst,0,L,387000
15,Master's,FT,Analytics Engineer,0,M,1450000
17,Bachelor's,FT,Machine Learning Engineer,0,M,1798000
9,Bachelor's,FT,Data Analyst,100,M,1238000
6,Bachelor's,FT,ML Ops Engineer,100,L,1309000
7,PhD,FT,Data Architect,100,M,2184000
4,Bachelor's,PT,Machine Learning Engineer,0,L,750000
1,Master's,FT,Machine Learning Engineer,100,S,774000
5,Master's,PT,BI Analyst,100,M,632000
24,Bachelor's,PT,Data Architect,100,L,1220000
0,Bachelor's,FT,ML Ops Engineer,0,S,500000
5,Bachelor's,FT,Data Architect,50,M,1094000
0,Bachelor's,FT,BI Analyst,100,M,451000
10,Bachelor's,FT,Statistician,100,S,1300000
0,Bachelor's,FT,Data Architect,0,L,799000
8,Master's,FT,Research Scientist,100,S,1865000
8,Master's,FT,ML Ops Engineer,0,M,1858000
1,Master's,FT,Research Scientist,50,S,806000
4,Bachelor's,FT,ML Ops Engineer,0,M,1080000
1,Bachelor's,FT,Statistician,50,M,673000
0,PhD,FT,Research Scientist,0,S,843000
12,Master's,FT,Data Analyst,100,S,1077000
4,Master's,FT,Statistician,0,L,1330000
2,Bachelor's,FT,Research Scientist,50,M,1019000
14,Master's,FT,ML Ops Engineer,100,M,1908000
3,Master's,FT,Statistician,100,M,953000
4,Bachelor's,FT,Research Scientist,50,M,1078000
6,Bachelor's,FT,Data Analyst,0,S,835000
1,Bachelor's,FT,BI Analyst,100,L,536000
11,Bachelor's,FT,Research Scientist,0,S,1370000
3,Master's,FT,Data Architect,0,M,1338000
8,Bachelor's,FT,Machine Learning Engineer,50,L,1548000
0,Bachelor's,FT,BI Analyst,0,S,397000
9,Bachelor's,FT,Statistician,100,M,1311000
6,Bachelor's,FT,Statistician,100,L,994000
1,Bachelor's,FT,Data Architect,0,M,814000
7,PhD,FT,ML Ops Engineer,100,M,1896000
8,High School,CT,ML Ops Engineer,100,M,895000
2,Master's,PT,ML Ops Engineer,0,M,627000
4,Master's,FT,Statistician,0,M,1012000
12,Master's,FT,Research Scientist,50,M,2068000
12,Bachelor's,FT,Machine Learning Engineer,0,M,1636000
0,Bachelor's,FT,Statistician,0,L,543000
0,High School,FT,Data Analyst,100,L,419000
0,Bachelor's,FT,Research Scientist,100,M,722000
2,Bachelor's,FT,Data Engineer,0,L,1017000
17,Master's,FT,Data Architect,100,S,1867000
9,Master's,FT,Machine Learning Engineer,100,M,1973000
5,Bachelor's,FT,Analytics Engineer,50,S,661000
2,Master's,FT,Analytics Engineer,100,M,1002000
4,Bachelor's,FT,BI Analyst,0,L,650000
7,Bachelor's,FT,Data Engineer,100,M,1542000
1,Bachelor's,FT,ML Ops Engineer,0,M,733000
0,PhD,FT,Machine Learning Engineer,0,M,896000
1,Master's,FT,Analytics Engineer,0,S,589000
2,Master's,FT,Data Engineer,100,M,1075000
8,Bachelor's,FT,Data Engineer,100,M,1303000
1,Bachelor's,FT,Statistician,100,S,528000
1,Bachelor's,FT,ML Ops Engineer,0,M,748000
1,Bachelor's,FT,ML Ops Engineer,0,M,842000
1,High School,CT,ML Ops Engineer,100,S,427000
2,Bachelor's,FT,Machine Learning Engineer,0,M,1017000
0,Bachelor's,FT,Statistician,100,M,507000
1,Bachelor's,FT,ML Ops Engineer,50,L,1026000
2,Bachelor's,FT,Analytics Engineer,100,M,976000
1,Bachelor's,FT,ML Ops Engineer,50,L,793000
2,High School,FT,Statistician,0,S,542000
4,High School,FT,Data Engineer,0,S,807000
3,High School,FT,Data Analyst,100,M,600000
0,Bachelor's,FT,BI Analyst,100,M,461000
1,Bachelor's,FT,Data Scientist,0,M,641000
1,Master's,FT,BI Analyst,0,S,571000
6,Bachelor's,FT,Data Engineer,100,M,1120000
3,Bachelor's,FT,Analytics Engineer,0,S,932000
2,Bachelor's,FT,Data Engineer,100,L,978000
0,High School,FT,BI Analyst,100,M,313000
2,Master's,FT,Machine Learning Engineer,100,M,1345000
6,PhD,FT,BI Analyst,100,M,1009000
5,Master's,FT,Statistician,100,S,1123000
1,PhD,FT,BI Analyst,50,S,663000
0,Bachelor's,FT,Analytics Engineer,0,M,572000
1,Master's,PT,Analytics Engineer,100,L,476000
17,Bachelor's,FT,Research Scientist,50,M,1830000
10,Bachelor's,FT,Machine Learning Engineer,0,L,1578000
4,Master's,FT,Data Engineer,100,M,1411000
0,Bachelor's,FT,BI Analyst,50,M,500000
9,Bachelor's,FT,BI Analyst,0,M,1016000
3,High School,PT,Data Engineer,100,M,489000
2,Master's,FT,Machine Learning Engineer,100,L,1047000
9,Master's,FT,Machine Learning Engineer,0,M,2163000
9,Bachelor's,FL,Research Scientist,100,M,1165000
28,Bachelor's,FT,Data Engineer,100,S,1495000
9,Bachelor's,FT,Data Engineer,0,M,1541000
6,Bachelor's,FT,Data Engineer,0,M,1286000
12,Master's,FT,Statistician,100,M,1591000
4,Master's,FT,ML Ops Engineer,0,L,1630000
4,Bachelor's,FT,ML Ops Engineer,100,L,1305000
1,Bachelor's,FT,BI Analyst,100,M,647000
0,Master's,FT,Statistician,100,M,541000
7,Master's,FT,BI Analyst,50,M,1036000
10,Bachelor's,PT,Analytics Engineer,100,M,642000
5,Bachelor's,FT,Machine Learning Engineer,0,S,1015000
2,Bachelor's,FT,Analytics Engineer,0,S,578000
2,Bachelor's,PT,Data Scientist,0,M,446000
5,High School,FT,Research Scientist,100,L,1024000
1,Bachelor's,FT,ML Ops Engineer,0,M,765000
18,Bachelor's,FT,Data Analyst,0,L,1156000
5,Bachelor's,FT,Data Analyst,0,M,668000
2,Master's,FT,Data Analyst,100,L,897000
23,Master's,FL,Data Scientist,0,S,1226000
3,Master's,FT,Data Analyst,0,L,912000
4,Master's,FT,Machine Learning Engineer,100,M,1190000
16,Bachelor's,FT,Data Engineer,0,M,1496000
2,Bachelor's,FT,Research Scientist,100,M,1080000
2,PhD,FT,Data Scientist,100,M,1156000
3,Bachelor's,FT,Data Engineer,100,M,912000
0,Bachelor's,PT,BI Analyst,100,S,207000
0,Bachelor's,FT,Data Engineer,50,M,653000
1,Bachelor's,FT,BI Analyst,50,M,535000
14,Bachelor's,FT,Machine Learning Engineer,50,M,1967000
5,Master's,FT,Analytics Engineer,50,S,1192000
15,Bachelor's,FT,Analytics Engineer,0,S,1349000
7,Master's,FT,Data Engineer,100,M,1301000
3,Master's,FT,Data Scientist,100,S,990000
4,High School,FT,Data Engineer,0,M,800000
0,Bachelor's,CT,BI Analyst,100,M,381000
2,Bachelor's,FT,Data Architect,100,L,1156000
0,Master's,FT,Machine Learning Engineer,0,M,659000
4,High School,FT,Data Scientist,50,M,815000
3,Master's,FT,Machine Learning Engineer,0,M,1496000
4,Master's,FT,Statistician,0,M,1123000
22,PhD,FT,Data Analyst,0,S,1497000
13,High School,FL,Research Scientist,100,M,906000
9,PhD,FT,Data Architect,100,M,1799000
2,Bachelor's,FT,Statistician,50,M,728000
0,Master's,FT,Machine Learning Engineer,100,L,1010000
1,Master's,PT,Data Architect,100,S,453000
4,Master's,FT,ML Ops Engineer,0,M,1416000
9,Bachelor's,FT,Statistician,100,L,1178000
1,Bachelor's,FT,Analytics Engineer,50,S,499000
3,Master's,FT,Statistician,0,S,854000
8,Master's,CT,Analytics Engineer,0,S,1288000
5,Master's,FT,Data Analyst,100,M,792000
8,Master's,FT,Analytics Engineer,100,L,1734000
3,Bachelor's,FT,Data Scientist,0,S,778000
3,Bachelor's,FT,Data Analyst,0,M,605000
3,Bachelor's,FT,Data Scientist,50,M,999000
5,Master's,FT,BI Analyst,100,M,886000
9,Master's,FT,Data Analyst,100,M,1279000
15,Master's,FT,Statistician,0,M,1768000
2,Master's,FT,Data Architect,50,S,1137000
1,PhD,FT,Data Engineer,0,L,934000
7,High School,FT,Data Analyst,100,S,675000
2,Bachelor's,PT,Statistician,100,M,353000
5,Master's,FT,ML Ops Engineer,100,L,1330000
28,Bachelor's,FL,ML Ops Engineer,0,M,1445000
4,Bachelor's,FT,Statistician,50,M,794000
13,Bachelor's,PT,BI Analyst,100,S,483000
13,High School,FT,Analytics Engineer,0,S,908000
1,Bachelor's,CT,Machine Learning Engineer,50,L,877000
1,Bachelor's,FT,Analytics Engineer,100,S,513000
1,Master's,FT,Data Scientist,0,M,703000
0,High School,FT,Statistician,0,S,312000
1,Bachelor's,FT,Analytics Engineer,100,M,653000
10,Bachelor's,FT,Data Analyst,0,M,836000
10,Bachelor's,FT,BI Analyst,100,L,1026000
0,Master's,FT,Data Analyst,100,M,483000
2,Master's,FT,BI Analyst,0,S,711000
2,Master's,FT,Research Scientist,0,M,924000
0,Master's,FT,Data Architect,100,L,1099000
22,Bachelor's,FT,Machine Learning Engineer,50,L,2045000
5,Bachelor's,FT,Research Scientist,50,L,1506000
2,Master's,FT,ML Ops Engineer,100,M,1092000
8,Master's,FT,Data Analyst,0,M,1007000
5,Bachelor's,FL,Data Engineer,50,M,804000
2,Bachelor's,FT,Machine Learning Engineer,100,L,935000
2,High School,FT,Analytics Engineer,0,S,453000
6,Master's,FT,ML Ops Engineer,0,L,1307000
8,Bachelor's,FT,Statistician,0,M,955000
1,Bachelor's,FT,Data Architect,0,M,908000
0,Bachelor's,FT,Data Scientist,0,S,445000
9,Master's,FT,BI Analyst,0,S,966000
4,Bachelor's,FT,Machine Learning Engineer,100,M,1116000
2,Bachelor's,FL,BI Analyst,0,S,314000
2,Bachelor's,FT,Research Scientist,100,M,1104000
3,Bachelor's,FT,BI Analyst,100,L,832000
8,Master's,CT,Machine Learning Engineer,100,L,1912000
7,Master's,FT,Data Engineer,0,S,1429000
0,Master's,FL,Statistician,100,M,327000
6,Bachelor's,FT,Data Architect,0,M,1234000
4,Master's,FT,Data Analyst,100,M,988000
1,Bachelor's,FT,Data Architect,100,M,921000
1,Bachelor's,FT,Data Architect,50,M,870000
2,PhD,FT,Research Scientist,50,M,1137000
7,Bachelor's,FT,Research Scientist,0,M,1641000
10,Bachelor's,FT,Statistician,0,M,1161000
5,Master's,FT,Machine Learning Engineer,100,M,1592000
6,PhD,FT,Data Architect,100,M,2056000
6,PhD,FT,BI Analyst,0,S,841000
5,Master's,FT,Data Engineer,100,M,1286000
4,Master's,FT,Data Architect,0,L,1497000
2,Bachelor's,FT,Data Architect,100,M,971000
5,Master's,FT,Research Scientist,100,M,1268000
3,Bachelor's,FT,Data Scientist,0,M,924000
1,Bachelor's,PT,Research Scientist,50,M,457000
1,Bachelor's,PT,Data Engineer,0,L,445000
0,High School,FT,Machine Learning Engineer,0,M,509000
0,Bachelor's,FT,ML Ops Engineer,50,M,762000
11,Bachelor's,FT,ML Ops Engineer,50,M,1588000
0,High School,FT,Data Architect,0,M,519000
3,Bachelor's,FT,Data Analyst,100,L,869000
8,Master's,FL,Machine Learning Engineer,0,M,1375000
3,Master's,FT,BI Analyst,100,L,1022000
1,Bachelor's,FT,Data Architect,0,M,776000
3,Master's,FT,Data Engineer,100,S,995000
1,PhD,FT,Statistician,100,M,819000
27,Bachelor's,FT,Statistician,100,L,1710000
5,Bachelor's,FT,Statistician,0,M,1011000
0,Master's,FT,Machine Learning Engineer,100,S,752000
4,Bachelor's,FT,Data Engineer,50,L,1345000
16,Master's,FT,Data Engineer,0,L,2228000
5,Master's,FT,Data Scientist,100,L,1389000
9,Bachelor's,FT,Statistician,100,M,1097000
14,Bachelor's,FT,Statistician,100,S,1085000
4,Bachelor's,FT,Data Engineer,50,S,973000
2,Master's,FT,Machine Learning Engineer,100,S,1071000
6,Master's,FT,Data Architect,100,M,1404000
1,Master's,FT,Research Scientist,0,L,1272000
0,Master's,FT,Statistician,100,M,489000
1,Master's,CT,Data Engineer,0,M,843000
0,Bachelor's,CT,Data Engineer,50,L,644000
4,Master's,FT,Machine Learning Engineer,0,M,1300000
0,Bachelor's,FT,Statistician,50,S,424000
1,PhD,FL,Research Scientist,0,L,810000
1,Master's,FT,Analytics Engineer,100,L,1028000
0,Master's,FT,Machine Learning Engineer,0,S,513000
0,PhD,FT,Data Scientist,100,M,734000
0,Bachelor's,FT,Machine Learning Engineer,50,M,935000
2,Master's,FT,Research Scientist,0,L,1482000
0,Master's,FT,Statistician,50,L,595000
4,Bachelor's,CT,BI Analyst,100,S,651000
5,Master's,FT,Analytics Engineer,100,M,1068000
1,Master's,FT,Statistician,0,M,630000
1,Master's,FT,Data Engineer,0,M,913000
3,Bachelor's,FT,Research Scientist,50,S,1011000
26,Bachelor's,FT,Statistician,100,M,1422000
3,Master's,FT,Data Analyst,100,L,1028000
0,Master's,FT,Statistician,100,M,549000
0,Master's,FT,Research Scientist,0,M,924000
0,Master's,FT,Research Scientist,0,M,765000
10,Master's,FT,Data Engineer,0,L,1588000
0,Master's,FL,Data Scientist,100,S,525000
9,Master's,FT,Data Analyst,100,M,1284000
3,Bachelor's,FT,Data Analyst,0,S,570000
16,Bachelor's,FT,Data Architect,0,M,2380000
1,Bachelor's,FT,Machine Learning Engineer,50,L,1072000
8,Bachelor's,FT,ML Ops Engineer,50,L,1659000
17,PhD,PT,Statistician,0,M,1042000
2,Bachelor's,FT,BI Analyst,100,M,672000
2,Master's,FT,Machine Learning Engineer,100,M,982000
0,Bachelor's,FT,Research Scientist,100,M,742000
18,Bachelor's,FT,Statistician,100,L,1855000
5,Bachelor's,FT,Data Engineer,0,M,1102000
0,Master's,FT,Data Engineer,0,M,717000
0,Bachelor's,FT,Data Analyst,100,M,392000
1,Bachelor's,FT,Statistician,100,M,773000
0,Bachelor's,PT,Research Scientist,0,M,366000
1,Master's,FT,Machine Learning Engineer,0,M,1145000
